门票价格,来源列表,热度分数,简介,耗时,纬度,景点,entity_name,推荐路线,标签,关联内容数,分类,实体类型,来源,主题,图片URL,推荐游览顺序,内容分类,来源数量,评分,特色,名称,交通,内容,数据质量,所属店铺,门票数值,游玩时长(分钟),数据来源,地址,来源详情,内容摘要,点赞,来源URL,最佳季节,行政区,天数,游玩建议,线路名,时间,来源平台,摘要,评论数,entity_id,赞同,文化项目,经度,保护级别,标题,适宜季节,开放时间,贴士,信任等级
免费,comprehensive,0,绍兴最具代表性的人文景点，包含鲁迅祖居、三味书屋、百草园,,,,,,,16,景点,景点,,,,,,3,0,,鲁迅故里,公交1/2/4/5/7路至鲁迅故里站；地铁1号线鲁迅故里站,,0.5,,,,,,,,,,,,,,,,,,0,景点0001,,,,,,,08:30-17:00,,4
40元,comprehensive,0,南宋著名园林，因陆游与唐婉的爱情故事而闻名,,,,,,,5,景点,景点,,,,,,3,0,,沈园,公交1/2路至沈园站，与鲁迅故里步行10分钟,,0.5,,,,,,,,,,,,,,,,,,0,景点0002,,,,,,,08:00-21:00,,4
50元,comprehensive,0,古代采石场遗址，以悬崖峭壁和深潭碧水闻名,,,,,,,9,景点,景点,,,,,,3,0,,东湖,公交1路至东湖风景区站,,0.5,,,,,,,,,,,,,,,,,,0,景点0003,,,,,,,08:00-17:00,,4
70元,comprehensive,0,因王羲之《兰亭序》闻名天下，书法圣地,,,,,,,6,景点,景点,,,,,,3,0,,兰亭景区,公交3/303路至兰亭站,,0.5,,,,,,,,,,,,,,,,,,0,景点0004,,,,,,,08:00-17:20,,4
115元(联票),comprehensive,0,柯岩始于汉代采石，隋唐时期形成大规模石窟造像。鉴湖为东汉会稽太守马臻主持修建的水利工程，距今已1800余年。 柯岩大佛为隋代石刻，高20.8米；'云骨'巨石被誉为'天下第一石'；鉴湖古纤道为全国重点文物保护单位。,,30.0462,,,,4A景区|柯岩|水乡|自然风光|鉴湖|鲁镇,3,景点,景点,,,https://image.baidu.com/search?word=%E7%BB%8D%E5%85%B4%E6%9F%AF%E5%B2%A9%E9%A3%8E%E6%99%AF%E5%8C%BA%E7%BB%8D%E5%85%B4,,,5,4.7,,绍兴柯岩风景区,公交805/5路至柯岩风景区站,,0.5,,,,,绍兴市柯桥区柯岩大道558号,,,,,,柯桥区,,,,,,,25600.0,景点0005,,,120.4794,全国重点文物保护单位（古纤道）,,春秋,08:30-17:00,,4
免费,comprehensive,0,绍兴保存最完好的水乡古镇之一，以酱文化和腊味闻名,,,,,,,11,景点,景点,,,,,,3,0,,安昌古镇,公交805路至安昌古镇站,,0.5,,,,,,,,,,,,,,,,,,0,景点0006,,,,,,,全天开放,,4
50元,comprehensive,0,中华民族始祖大禹的陵寝之地,,,,,,,3,景点,景点,,,,,,3,0,,大禹陵,公交2/10路至大禹陵站,,0.5,,,,,,,,,,,,,,,,,,0,景点0007,,,,,,,08:00-17:00,,4
60元,comprehensive,0,江南第一大佛，始凿于南朝齐梁年间,,,,,,,4,景点,景点,,,,,,3,0,,新昌大佛寺,新昌客运中心乘公交至大佛寺站,,0.5,,,,,,,,,,,,,,,,,,0,景点0008,,,,,,,08:00-17:00,,4
80元,comprehensive,0,以五级瀑布闻名，东南第一秀水,,,,,,,3,景点,景点,,,,,,3,0,,五泄风景区,诸暨客运中心乘旅游专线,,0.5,,,,,,,,,,,,,,,,,,0,景点0009,,,,,,,07:30-17:00,,4
60元,comprehensive,0,丹霞地貌，19座山峰一字排列，有玻璃栈道,,,,,,,2,景点,景点,,,,,,3,0,,穿岩十九峰,新昌客运站乘旅游专线,,0.5,,,,,,,,,,,,,,,,,,0,景点0010,,,,,,,08:00-16:30,,4
免费,comprehensive,0,建造年代: 东晋，现存街区为明清风格 | 文化典故: 题扇桥：王羲之为卖扇老妪题字，扇子身价百倍；躲婆弄：老妪再三求字，王羲之躲入小巷 | 建筑特色: 绍兴保存最完整的历史街区，蕺山街、西街、笔飞弄,,30.0013,,,,书法|历史街区|特色街区|王羲之|老街,3,人文历史,景点,,,https://image.baidu.com/search?word=%E4%B9%A6%E5%9C%A3%E6%95%85%E9%87%8C%E7%BB%8D%E5%85%B4,,,3,4.5,,书圣故里,公交1/2路至胜利路口站,,0.5,,,,,绍兴市越城区蕺山街,,,,,,越城区,,,,,,,11300.0,景点0011,,,120.5818,,,四季皆宜,全天开放,,3
免费,comprehensive,0,建造年代: 宋代始建，明清繁华 | 文化典故: 获联合国教科文组织亚太区文化遗产保护奖（2003年） | 建筑特色: 台门建筑群，沿河而建，传统店铺与民居交错,,29.9976,,,,历史街区|古建筑|水乡|特色美食|老街,3,古镇街区,景点,,,https://image.baidu.com/search?word=%E4%BB%93%E6%A1%A5%E7%9B%B4%E8%A1%97%E7%BB%8D%E5%85%B4,,,3,4.4,,仓桥直街,步行可达或公交至城市广场站,,0.5,,,,,绍兴市越城区仓桥直街,,,,,,越城区,,,,,,,10500.0,景点0012,,,120.5765,,,四季皆宜,全天开放,,3
免费(部分场馆收费),comprehensive,0,建造年代: 现存建筑重修于1980-1990年代 | 文化典故: 西施浣纱、卧薪尝胆等历史典故；浣纱石留有东晋王羲之题字 | 建筑特色: 西施殿利用万余件古建筑构件重建，江南园林风格,,29.7149,,,,古建筑|园林|春秋历史|西施|诸暨,2,人文历史,景点,,,https://image.baidu.com/search?word=%E8%A5%BF%E6%96%BD%E6%95%85%E9%87%8C%E7%BB%8D%E5%85%B4,,,3,4.2,,西施故里,诸暨市区公交可达,,0.5,,,,,绍兴市诸暨市浣纱中路123号,,,,,,诸暨市,,,,,,,7200.0,景点0013,,,120.2365,,,春秋,08:00-17:00,,3
免费,comprehensive,0,建造年代: 自然形成，千年梯田始于宋代 | 文化典故: 谢灵运覆卮典故；冰川石浪为第四纪冰川遗迹 | 建筑特色: 千年古梯田（2.3万块）、冰川石浪、古村落,,29.7455,,,,古村落|梯田|油菜花|登山|自然风光,5,自然风光,景点,,,https://image.baidu.com/search?word=%E8%A6%86%E5%8D%AE%E5%B1%B1%E7%BB%8D%E5%85%B4,,,3,4.1,,覆卮山,建议自驾,,0.5,,,,,绍兴市上虞区岭南乡,,,,,,上虞区,,,,,,,4600.0,景点0014,,,120.8746,,,春,全天开放,,3
免费,comprehensive,0,建造年代: 自然形成 | 文化典故: 浙东唐诗之路的核心节点，450余位唐代诗人留下1500余首诗篇 | 建筑特色: 山间云雾缭绕，天姥寺遗址，登山步道,,29.41,,,,唐诗之路|李白梦游|登山|自然风光,4,自然风光,景点,,,https://image.baidu.com/search?word=%E5%A4%A9%E5%A7%A5%E5%B1%B1%E7%BB%8D%E5%85%B4,,,3,4.2,,天姥山,建议自驾或乘新昌城乡公交,,0.5,,,,,绍兴市新昌县儒岙镇,,,,,,新昌县,,,,,,,5500.0,景点0015,,,120.95,,,春秋,全天开放,,3
免费,comprehensive,0,建造年代: 东汉，现存建筑为民国重建 | 文化典故: 被誉为'江南第一庙'，庙内有历代碑刻数十通，包括蔡卞重书的曹娥碑 | 建筑特色: 庙殿巍峨，雕刻精美，正殿壁画描绘曹娥事迹,,29.9883,,,,上虞|历史|孝文化|庙宇|曹娥,2,宗教场所,景点,,,https://image.baidu.com/search?word=%E6%9B%B9%E5%A8%A5%E5%BA%99%E7%BB%8D%E5%85%B4,,,3,4.0,,曹娥庙,上虞市区公交可达,,0.5,,,,,绍兴市上虞区曹娥街道,,,,,,上虞区,,,,,,,3100.0,景点0016,,,120.8734,,,四季皆宜,08:00-16:30,,3
免费,comprehensive,0,始建于南宋嘉泰年间（1201-1204年），至今800余年。八字桥是中国最早的'立交桥'式桥梁。 因两桥成'八'字形跨三河四岸得名，是中国古代城市桥梁的杰作，被《中国科学技术史》收录。,,29.9996,,,,免费|南宋|古桥|文物|水乡,2,景点,景点,,,https://image.baidu.com/search?word=%E5%85%AB%E5%AD%97%E6%A1%A5%E7%BB%8D%E5%85%B4,,,3,4.2,,八字桥,步行或公交至中兴路人民路口,,0.5,,,,,绍兴市越城区八字桥直街,,,,,,越城区,,,,,,,4200.0,景点0017,,,120.5876,全国重点文物保护单位,,四季皆宜,全天开放,,3
免费,comprehensive,0,秋瑾（1875-1907），号鉴湖女侠，辛亥革命先驱、中国女权运动先驱。这里是她的出生地和革命活动据点。 秋瑾在此读书习武，后赴日留学加入同盟会。1907年回绍兴主持大通学堂，策划浙皖起义，被捕后就义于绍兴轩亭口。,,29.9927,,,,名人故居|秋瑾|红色旅游|辛亥革命,2,景点,景点,,,https://image.baidu.com/search?word=%E7%A7%8B%E7%91%BE%E6%95%85%E5%B1%85%E7%BB%8D%E5%85%B4,,,3,4.2,,秋瑾故居,公交1/2路,,0.5,,,,,绍兴市越城区和畅堂35号,,,,,,越城区,,,,,,,3200.0,景点0018,,,120.5784,全国重点文物保护单位,,四季皆宜,08:30-16:30,,3
免费,comprehensive,0,周恩来（1898-1976），祖籍绍兴。其祖父周殿魁曾任绍兴府刑名师爷，此处为周氏家族在绍兴的祖宅。 周恩来虽生于淮安，但多次提到'我是绍兴人'。1939年曾回绍兴祭祖，并在祖居内发表抗日演讲。,,29.9991,,,,名人故居|周恩来|红色旅游,2,景点,景点,,,https://image.baidu.com/search?word=%E5%91%A8%E6%81%A9%E6%9D%A5%E7%A5%96%E5%B1%85%E7%BB%8D%E5%85%B4,,,3,4.3,,周恩来祖居,公交1/2路至城市广场站,,0.5,,,,,绍兴市越城区劳动路369号,,,,,,越城区,,,,,,,5100.0,景点0019,,,120.5825,浙江省文物保护单位,,四季皆宜,08:30-16:30,,3
免费,comprehensive,0,蔡元培（1868-1940），绍兴人，曾任北京大学校长、教育总长。是中国近代教育改革的先驱。 蔡元培在此出生并度过青少年时代。后任北大校长，提出'思想自由、兼容并包'的办学方针。,,29.9995,,,,免费|名人故居|教育家|蔡元培,2,景点,景点,,,https://image.baidu.com/search?word=%E8%94%A1%E5%85%83%E5%9F%B9%E6%95%85%E5%B1%85%E7%BB%8D%E5%85%B4,,,3,4.1,,蔡元培故居,公交1/2路,,0.5,,,,,绍兴市越城区笔飞弄13号,,,,,,越城区,,,,,,,2800.0,景点0020,,,120.581,全国重点文物保护单位,,四季皆宜,08:30-16:30,,3
免费,comprehensive,0,徐渭（1521-1593），号青藤道士，明代著名书画家、文学家、戏曲家。被郑板桥、齐白石尊为'青藤门下走狗'。 徐渭一生坎坷，在此读书作画。手植青藤至今葱郁，书屋因此得名。其大写意画风影响至今。,,29.9934,,,,书画|徐渭|文人园林|明代,2,景点,景点,,,https://image.baidu.com/search?word=%E9%9D%92%E8%97%A4%E4%B9%A6%E5%B1%8B%E7%BB%8D%E5%85%B4,,,3,4.1,,青藤书屋,公交1/2路,,0.5,,,,,绍兴市越城区前观巷大乘弄10号,,,,,,越城区,,,,,,,2500.0,景点0021,,,120.5755,全国重点文物保护单位,,四季皆宜,08:30-16:30,,3
免费,comprehensive,0,鲁迅母亲鲁瑞的娘家。鲁迅童年常随母亲到此小住，《社戏》《故乡》等作品的场景原型。 《社戏》中描写的看社戏、偷罗汉豆等童年趣事均发生于此。村口的包公殿是鲁迅看社戏的地方。,,30.0522,,,,乡村|古村落|民俗|鲁迅文化,2,景点,景点,,,https://image.baidu.com/search?word=%E9%B2%81%E8%BF%85%E5%A4%96%E5%A9%86%E5%AE%B6%E7%BB%8D%E5%85%B4,,,3,4.0,,鲁迅外婆家,建议自驾或乘城乡公交,,0.5,,,,,绍兴市越城区孙端镇安桥头村,,,,,,越城区,,,,,,,1800.0,景点0022,,,120.657,浙江省文物保护单位,,春秋,08:30-16:30,,3
免费,comprehensive,0,上虞是中国孝德文化的重要发源地，舜帝和曹娥的孝行故事均发生于此。 大舜庙纪念上古圣王舜帝；虞舜为二十四孝之首，其孝行感动天地。,,29.986,,,,上虞|主题公园|亲子|孝文化,2,景点,景点,,,https://image.baidu.com/search?word=%E4%B8%AD%E5%8D%8E%E5%AD%9D%E5%BE%B7%E5%9B%AD%E7%BB%8D%E5%85%B4,,,3,3.9,,中华孝德园,上虞市区公交,,0.5,,,,,绍兴市上虞区曹娥街道,,,,,,上虞区,,,,,,,2400.0,景点0023,,,120.875,,,四季皆宜,08:30-16:30,,3
55元,comprehensive,0,百丈飞瀑所在峡谷为火山岩地貌，形成于中生代。自古以来为浙东避暑胜地。 瀑布群共九级，主瀑高120余米，为浙东第一高瀑。峡谷内有'百丈潭''龙潭'等深潭。,,29.562,,,,峡谷|嵊州|瀑布|自然风光|避暑,2,景点,景点,,,https://image.baidu.com/search?word=%E7%99%BE%E4%B8%88%E9%A3%9E%E7%80%91%E7%BB%8D%E5%85%B4,,,3,4.2,,百丈飞瀑,嵊州客运中心乘城乡公交,,0.5,,,,,绍兴市嵊州市王院乡,,,,,,嵊州市,,,,,,,5200.0,景点0024,,,120.728,,,夏,08:00-16:30,,3
免费,comprehensive,0,崇仁古镇始建于唐代，兴盛于明清。是嵊州重要的历史文化名镇。 崇仁是越剧发源地之一，镇内有越剧戏台和越剧文化展示馆。古镇保存了大量明清台门建筑。,,29.61,,,,原生态|古建筑|古镇|嵊州|越剧,2,景点,景点,,,https://image.baidu.com/search?word=%E5%B4%87%E4%BB%81%E5%8F%A4%E9%95%87%E7%BB%8D%E5%85%B4,,,3,4.1,,崇仁古镇,嵊州客运中心乘公交至崇仁镇,,0.5,,,,,绍兴市嵊州市崇仁镇,,,,,,嵊州市,,,,,,,3800.0,景点0025,,,120.718,浙江省历史文化名镇,,四季皆宜,全天开放,,3
80元,comprehensive,0,会稽山为中国五大镇山之一南镇。龙华寺始建于唐代，兜率天宫为近年新建的佛教建筑。 兜率天宫为弥勒菩萨道场，建筑群宏伟壮观，融合传统佛教建筑与现代设计。,,29.9481,,,,会稽山|佛教文化|兜率天宫|龙华寺,2,景点,景点,,,https://image.baidu.com/search?word=%E4%BC%9A%E7%A8%BD%E5%B1%B1%E5%85%9C%E7%8E%87%E5%A4%A9%E6%99%AF%E5%8C%BA%E7%BB%8D%E5%85%B4,,,3,4.3,,会稽山兜率天景区,公交专线车至兜率天宫站,,0.5,,,,,绍兴市柯桥区会稽山,,,,,,柯桥区,,,,,,,6500.0,景点0026,,,120.5517,,,春秋,08:30-16:30,,3
40元,comprehensive,0,大香林古桂群始植于宋代，其中'中国桂花王'树龄超千年。 千年桂花王树高17米，冠幅20余米，花开时节香飘数里。,,30.0154,,,,4A景区|桂花|森林|秋季赏桂|自然风光,2,景点,景点,,,https://image.baidu.com/search?word=%E5%A4%A7%E9%A6%99%E6%9E%97%E7%BB%8D%E5%85%B4,,,3,4.1,,大香林,公交5路至大香林站,,0.5,,,,,绍兴市柯桥区湖塘街道,,,,,,柯桥区,,,,,,,4800.0,景点0027,,,120.4385,,,秋,08:30-16:30,,3
180元起,comprehensive,0,绍兴乔波冰雪世界为室内滑雪馆，2010年开业。 室内滑雪不受季节限制，是绍兴夏季热门避暑去处。,,30.0472,,,,亲子|室内滑雪|柯桥|运动,2,景点,景点,,,https://image.baidu.com/search?word=%E4%B9%94%E6%B3%A2%E5%86%B0%E9%9B%AA%E4%B8%96%E7%95%8C%E7%BB%8D%E5%85%B4,,,3,4.2,,乔波冰雪世界,公交5路,,0.5,,,,,绍兴市柯桥区鉴湖路,,,,,,柯桥区,,,,,,,5600.0,景点0028,,,120.482,,,四季皆宜,10:00-21:00,,3
免费,comprehensive,0,越王勾践（约公元前520-前465年）在此卧薪尝胆、发愤图强，最终灭吴复国。 卧薪尝胆、十年生聚、十年教训的历史典故发生于此。,,29.998,,,,免费|历史遗址|府山|越王勾践,2,景点,景点,,,https://image.baidu.com/search?word=%E8%B6%8A%E7%8E%8B%E5%8F%B0%E7%BB%8D%E5%85%B4,,,3,4.0,,越王台,公交2/5路至府山公园站,,0.5,,,,,绍兴市越城区府山公园内,,,,,,越城区,,,,,,,2100.0,景点0029,,,120.573,浙江省文物保护单位,,春秋,08:00-17:00,,3
免费,comprehensive,0,古纤道始建于唐代，为古代漕运纤夫拉船的通道。鉴湖段全长约7.5公里。 '白玉长堤'蜿蜒鉴湖之上，是古代水运交通的珍贵遗存。,,30.0485,,,,古纤道|文物|柯桥|水乡|鉴湖,2,景点,景点,,,https://image.baidu.com/search?word=%E5%8F%A4%E7%BA%A4%E9%81%93%E7%BB%8D%E5%85%B4,,,3,4.1,,古纤道,乘乌篷船或沿鉴湖步行,,0.5,,,,,绍兴市柯桥区鉴湖中,,,,,,柯桥区,,,,,,,3500.0,景点0030,,,120.4752,全国重点文物保护单位,,春秋,全天开放,,3
30元,comprehensive,0,宛委山为会稽山余脉，传说大禹曾在此得'金简玉字书'。王阳明曾在此讲学。 禹穴、阳明洞天为重要文化遗迹。每年3月绍兴樱花节在此举办。,,29.978,,,,会稽山|樱花|登山|自然风光,3,景点,景点,,,https://image.baidu.com/search?word=%E5%AE%9B%E5%A7%94%E5%B1%B1%E7%BB%8D%E5%85%B4,,,3,4.1,,宛委山,公交2/10路至宛委山站,,0.5,,,,,绍兴市越城区会稽山旅游度假区,,,,,,越城区,,,,,,,3200.0,景点0031,,,120.585,会稽山旅游度假区组成部分,,春,08:00-17:00,,3
45元,comprehensive,0,吼山因山形似卧狮怒吼得名。南宋时期在山上开凿摩崖造像。 吼山摩崖造像为浙江省文物保护单位。桃花节是绍兴春日盛事。,,29.992,,,,山水|桃花|石刻|自然风光,2,景点,景点,,,https://image.baidu.com/search?word=%E5%90%BC%E5%B1%B1%E7%BB%8D%E5%85%B4,,,3,4.0,,吼山,公交1路至吼山站,,0.5,,,,,绍兴市越城区皋埠街道,,,,,,越城区,,,,,,,2800.0,景点0032,,,120.622,浙江省文物保护单位,,春,08:00-17:00,,3
免费,comprehensive,0,镜湖古称鉴湖，为东汉会稽太守马臻主持修建。贺知章故里在镜湖畔。 '镜湖流水漾清波'——李白、杜甫等唐代诗人均有题咏。贺知章'少小离家老大回'即归镜湖。,,30.045,,,,免费|湿地公园|自然风光|观鸟|骑行,2,景点,景点,,,https://image.baidu.com/search?word=%E9%95%9C%E6%B9%96%E5%9B%BD%E5%AE%B6%E6%B9%BF%E5%9C%B0%E5%85%AC%E5%9B%AD%E7%BB%8D%E5%85%B4,,,3,4.2,,镜湖国家湿地公园,公交15路至镜湖公园站,,0.5,,,,,绍兴市越城区镜湖新区,,,,,,越城区,,,,,,,4100.0,景点0033,,,120.55,国家城市湿地公园,,春秋,全天开放,,3
免费,comprehensive,0,府山又称卧龙山，为越国都城中心。越王勾践在此卧薪尝胆。 卧薪尝胆、飞翼楼为越国军事瞭望台遗址。山上有唐宋摩崖石刻群。,,29.998,,,,俯瞰古城|免费|城市公园|登山|越王勾践,2,景点,景点,,,https://image.baidu.com/search?word=%E5%BA%9C%E5%B1%B1%E5%85%AC%E5%9B%AD%E7%BB%8D%E5%85%B4,,,3,4.1,,府山公园,公交2/5路至府山公园站,,0.5,,,,,绍兴市越城区府山街道,,,,,,越城区,,,,,,,3600.0,景点0034,,,120.573,浙江省文物保护单位（越王台）,,四季皆宜,全天开放,,3
免费,comprehensive,0,迎恩门始建于南宋，为绍兴古城六大门之一。古代官员在此迎接圣旨。 迎恩门因迎接圣旨得名。近年改造后成为绍兴新的文化休闲地标。,,30.005,,,,免费|历史街区|夜市|水乡|美食,2,景点,景点,,,https://image.baidu.com/search?word=%E8%BF%8E%E6%81%A9%E9%97%A8%E6%B0%B4%E8%A1%97%E7%BB%8D%E5%85%B4,,,3,4.0,,迎恩门水街,公交2/5路至迎恩门站,,0.5,,,,,绍兴市越城区迎恩门,,,,,,越城区,,,,,,,2500.0,景点0035,,,120.568,,,四季皆宜,全天开放,,3
免费,comprehensive,0,应天塔始建于梁代，为绍兴标志性古建筑。 应天塔为绍兴城内最高古建筑，历代文人多有题咏。,,29.994,,,,免费|古塔|城市公园|越城区,2,景点,景点,,,https://image.baidu.com/search?word=%E5%A1%94%E5%B1%B1%E5%85%AC%E5%9B%AD%E7%BB%8D%E5%85%B4,,,3,3.9,,塔山公园,公交1/2路,,0.5,,,,,绍兴市越城区塔山街道,,,,,,越城区,,,,,,,1800.0,景点0036,,,120.578,绍兴市文物保护单位,,四季皆宜,全天开放,,3
免费,comprehensive,0,王羲之任会稽内史时常登此山。山上蕺草因王羲之采撷而闻名。 蕺山因王羲之得名。山上有蕺山书院旧址。,,30.002,,,,书圣故里|免费|城市公园|登山,2,景点,景点,,,https://image.baidu.com/search?word=%E8%95%BA%E5%B1%B1%E5%85%AC%E5%9B%AD%E7%BB%8D%E5%85%B4,,,3,3.8,,蕺山公园,步行从书圣故里可达,,0.5,,,,,绍兴市越城区蕺山街,,,,,,越城区,,,,,,,1500.0,景点0037,,,120.583,,,四季皆宜,全天开放,,3
免费,comprehensive,0,若耶溪自古为越中名胜。欧冶子曾在此铸剑，西施曾在此浣纱。 '若耶溪傍采莲女，笑隔荷花共人语'——李白。唐代诗人常泛舟若耶溪上吟诗作对。,,29.92,,,,免费|唐诗之路|溪流|自然,2,景点,景点,,,https://image.baidu.com/search?word=%E8%8B%A5%E8%80%B6%E6%BA%AA%E7%BB%8D%E5%85%B4,,,3,4.0,,若耶溪,建议自驾,,0.5,,,,,绍兴市越城区平水镇,,,,,,越城区,,,,,,,1600.0,景点0038,,,120.63,,,春秋,全天开放,,3
20元,comprehensive,0,始建于隋开皇年间（581-600年），距今1400余年。 羊山石佛与柯岩大佛、新昌大佛并称'越中三大石佛'。,,30.079,,,,柯桥|石佛|石窟|隋代,2,景点,景点,,,https://image.baidu.com/search?word=%E7%BE%8A%E5%B1%B1%E7%9F%B3%E4%BD%9B%E7%BB%8D%E5%85%B4,,,3,4.0,,羊山石佛,公交5路至羊山站,,0.5,,,,,绍兴市柯桥区齐贤街道,,,,,,柯桥区,,,,,,,2000.0,景点0039,,,120.493,浙江省文物保护单位,,四季皆宜,08:00-16:30,,3
30元,comprehensive,0,印山大墓为春秋晚期越国王陵，可能是越王允常之墓。 墓室用巨大方木搭建'人'字形结构，为全国首次发现。出土文物丰富。,,30.028,,,,历史|王陵|考古|越国,2,景点,景点,,,https://image.baidu.com/search?word=%E5%8D%B0%E5%B1%B1%E8%B6%8A%E5%9B%BD%E7%8E%8B%E9%99%B5%E7%BB%8D%E5%85%B4,,,3,4.1,,印山越国王陵,公交3路至印山站,,0.5,,,,,绍兴市柯桥区兰亭镇,,,,,,柯桥区,,,,,,,2300.0,景点0040,,,120.478,全国重点文物保护单位,,四季皆宜,08:30-16:30,,3
免费,comprehensive,0,东浦酿酒史可追溯至宋代。明清时期东浦黄酒行销全国。 东浦是绍兴黄酒核心产区之一。镇内有百年老酒坊可参观。,,30.022,,,,免费|古镇|水乡|越城|黄酒,2,景点,景点,,,https://image.baidu.com/search?word=%E4%B8%9C%E6%B5%A6%E5%8F%A4%E9%95%87%EF%BC%88%E9%BB%84%E9%85%92%E5%B0%8F%E9%95%87%EF%BC%89%E7%BB%8D%E5%85%B4,,,3,4.1,,东浦古镇（黄酒小镇）,公交5路至东浦站,,0.5,,,,,绍兴市越城区东浦街道,,,,,,越城区,,,,,,,2900.0,景点0041,,,120.528,浙江省历史文化名镇,,春秋,全天开放,,3
30元,comprehensive,0,始建于清嘉庆年间（1796-1820年），为斯氏家族聚居大院。 千柱屋有118间房间和1322根柱子。木雕、砖雕、石雕精美绝伦。,,29.568,,,,古建筑|民居|清代|诸暨,2,景点,景点,,,https://image.baidu.com/search?word=%E8%AF%B8%E6%9A%A8%E5%8D%83%E6%9F%B1%E5%B1%8B%E7%BB%8D%E5%85%B4,,,3,4.1,,诸暨千柱屋,诸暨客运中心乘班车,,0.5,,,,,绍兴市诸暨市东白湖镇,,,,,,诸暨市,,,,,,,2100.0,景点0042,,,120.344,全国重点文物保护单位,,四季皆宜,08:30-17:00,,3
60元,comprehensive,0,越剧小镇是以越剧文化为主题的文化旅游小镇。有越剧戏台、越剧博物馆、越剧工坊等，可观看越剧演出和体验越剧化妆。,,29.566,,,,主题小镇|嵊州|文化体验|越剧,2,景点,景点,,,https://image.baidu.com/search?word=%E5%B5%8A%E5%B7%9E%E8%B6%8A%E5%89%A7%E5%B0%8F%E9%95%87%E7%BB%8D%E5%85%B4,,,4,4.2,,嵊州越剧小镇,嵊州客运中心乘专线,,0.5,,,,,绍兴市嵊州市甘霖镇,,,,,,嵊州市,,,,,,,3200.0,景点0043,,,120.782,,,四季皆宜,09:00-17:00,,3
168元起,comprehensive,0,嵊州温泉城是绍兴最大的温泉度假区，有室内外温泉泡池数十个。冬季泡温泉暖身养生，搭配崇仁古镇一日游。,,29.588,,,,休闲|嵊州|度假|温泉,2,景点,景点,,,https://image.baidu.com/search?word=%E5%B5%8A%E5%B7%9E%E6%B8%A9%E6%B3%89%E5%9F%8E%E7%BB%8D%E5%85%B4,,,3,4.1,,嵊州温泉城,嵊州客运中心乘专线,,0.5,,,,,绍兴市嵊州市崇仁镇,,,,,,嵊州市,,,,,,,3800.0,景点0044,,,120.745,,,冬,10:00-22:00,,3
免费,comprehensive,0,斯宅古村为斯氏家族聚居地，清代鼎盛时期人才辈出。 斯宅村以耕读传家。千柱屋主人斯元儒为清代巨商。,,29.552,,,,千柱屋|原生态|古村落|诸暨,2,景点,景点,,,https://image.baidu.com/search?word=%E6%96%AF%E5%AE%85%E5%8F%A4%E6%9D%91%E7%BB%8D%E5%85%B4,,,3,4.0,,斯宅古村,建议自驾,,0.5,,,,,绍兴市诸暨市东白湖镇斯宅村,,,,,,诸暨市,,,,,,,1500.0,景点0045,,,120.368,中国传统村落,,春秋,全天开放,,3
免费,comprehensive,0,绍兴拥有国家级非遗项目26项，居全国地级市前列。 绍兴非遗馆是了解绍兴传统文化的最佳窗口。可体验黄酒酿造、书法临摹等互动项目。,,29.996,,,,免费|展览|文化|非遗,2,景点,景点,,,https://image.baidu.com/search?word=%E7%BB%8D%E5%85%B4%E9%9D%9E%E9%81%97%E9%A6%86%E7%BB%8D%E5%85%B4,,,3,4.0,,绍兴非遗馆,公交1/2路,,0.5,,,,,绍兴市越城区人民西路,,,,,,越城区,,,,,,,1700.0,景点0046,,,120.574,,,四季皆宜,09:00-16:30(周一闭馆),,3
免费,comprehensive,0,绍兴城市广场是绍兴市中心地标，广场上有大善塔和音乐喷泉。夜晚灯光璀璨，是市民休闲和游客打卡的热门地点。,,29.998,,,,免费|地标|城市广场|夜景,2,景点,景点,,,https://image.baidu.com/search?word=%E7%BB%8D%E5%85%B4%E5%9F%8E%E5%B8%82%E5%B9%BF%E5%9C%BA%E7%BB%8D%E5%85%B4,,,3,4.0,,绍兴城市广场,公交1/2/5路至城市广场站,,0.5,,,,,绍兴市越城区胜利西路,,,,,,越城区,,,,,,,3200.0,景点0047,,,120.575,,,四季皆宜,全天开放,,3
免费,comprehensive,0,迪荡湖是绍兴新城区的城市湖泊公园，有环湖跑道和自行车道。湖边有咖啡馆和餐厅，是市民休闲新地标。,,30.01,,,,免费|城市公园|湖景|跑步|骑行,2,景点,景点,,,https://image.baidu.com/search?word=%E8%BF%AA%E8%8D%A1%E6%B9%96%E5%85%AC%E5%9B%AD%E7%BB%8D%E5%85%B4,,,3,4.1,,迪荡湖公园,公交15路至迪荡湖站,,0.5,,,,,绍兴市越城区迪荡新城,,,,,,越城区,,,,,,,2800.0,景点0048,,,120.596,,,四季皆宜,全天开放,,3
含在宛委山门票内,comprehensive,0,王阳明（1472-1529），绍兴余姚人，明代心学大师。曾在此洞讲学。 王阳明在洞中悟出'知行合一'的心学精髓。洞内有历代文人题刻。,,29.974,,,,会稽山|历史遗迹|心学|王阳明,2,景点,景点,,,https://image.baidu.com/search?word=%E4%BC%9A%E7%A8%BD%E5%B1%B1%E9%98%B3%E6%98%8E%E6%B4%9E%E5%A4%A9%E7%BB%8D%E5%85%B4,,,3,4.0,,会稽山阳明洞天,公交2/10路至宛委山,,0.5,,,,,绍兴市越城区会稽山,,,,,,越城区,,,,,,,1200.0,景点0049,,,120.588,浙江省文物保护单位,,春秋,08:00-17:00,,3
免费,comprehensive,0,越王城为春秋越国都城。勾践在此卧薪尝胆、十年生聚。 越王城是越国政治军事中心。遗址出土了越国青铜器、陶器等重要文物。,,29.997,,,,府山|考古|越国|遗址,2,景点,景点,,,https://image.baidu.com/search?word=%E8%B6%8A%E7%8E%8B%E5%9F%8E%E9%81%97%E5%9D%80%E7%BB%8D%E5%85%B4,,,3,3.9,,越王城遗址,公交2/5路至府山公园,,0.5,,,,,绍兴市越城区府山街道,,,,,,越城区,,,,,,,900.0,景点0050,,,120.572,全国重点文物保护单位,,四季皆宜,08:00-17:00,,3
免费,comprehensive,0,广场建于2000年代，集中展示绍兴历代名人风采。 广场上有大禹、勾践、王羲之、陆游、徐渭、秋瑾、鲁迅、蔡元培、周恩来等名人雕塑。,,,,,,免费|名人雕塑|城市广场,2,景点,景点,,,,,,3,3.8,,绍兴名人广场,公交1/2路至城市广场站,,0.5,,,,,绍兴市越城区胜利西路,,,,,,越城区,,,,,,,800.0,景点0051,,,,,,四季皆宜,全天,,3
免费,comprehensive,0,环城河为绍兴古城护城河，历史悠久。近年改造为城市景观带。 环城河是绍兴水城格局的重要组成部分。沿河可看到八字桥、广宁桥等多座古桥。,,,,,,免费|夜景|散步|水系|环城,4,景点,景点,,,,,,3,4.0,,绍兴环城河,沿环城路多个入口,,0.5,,,,,绍兴市越城区环城河沿线,,,,,,越城区,,,,,,,1500.0,景点0052,,,,,,四季皆宜,全天,,3
免费,comprehensive,0,稽山公园是越城区的社区公园，以会稽山文化为主题。园内有小桥流水和亭台楼阁，是周边居民休闲好去处。,,,,,,免费|城市公园|越城区,2,景点,景点,,,,,,3,3.8,,稽山公园,公交2路,,0.5,,,,,绍兴市越城区稽山路,,,,,,越城区,,,,,,,900.0,景点0053,,,,,,四季皆宜,全天,,3
免费,comprehensive,0,曹娥江因汉代孝女曹娥得名。沿岸有曹娥庙和中华孝德园。 曹娥投江救父的故事流传千年。曹娥江不仅是自然景观也是孝文化象征。,,,,,,上虞|免费|江河|自然,2,景点,景点,,,,,,3,3.9,,上虞曹娥江,上虞区公交,,0.5,,,,,绍兴市上虞区曹娥江沿岸,,,,,,上虞区,,,,,,,1100.0,景点0054,,,,,,春秋,全天,,3
50元,comprehensive,0,景区为近年开发，以丹霞地貌和清澈湖水为特色。 天烛峰形似蜡烛得名。湖水清澈见底被称为小九寨。,,,,,,峡谷|新昌|湖泊|自然风光,2,景点,景点,,,,,,3,4.0,,新昌天烛仙境,新昌客运站乘专线,,0.5,,,,,绍兴市新昌县澄潭镇,,,,,,新昌县,,,,,,,1400.0,景点0055,,,,,,夏秋,08:00-17:00,,3
40元,comprehensive,0,白塔湖是诸暨最大的淡水湖，有浙中小洞庭之称。湖中有岛屿数十个，可乘船游览，秋季芦花飘荡景色最美。,,,,,,免费|水库|湖泊|湿地|自然|自然风光|诸暨,4,景点,景点,,,,,,6,3.9,,诸暨白塔湖,诸暨客运中心乘班车,,0.5,,,,,绍兴市诸暨市店口镇,,,,,,诸暨市,,,,,,,1300.0,景点0056,,,,,,春秋,08:00-17:00,,3
免费,comprehensive,0,剡溪为浙东唐诗之路水路段。李白梦游天姥吟留别提到的镜湖→剡溪→天姥山线路即经此。 湖月照我影送我至剡溪——李白。剡溪是唐代诗人游历浙东的必经水道。,,,,,,免费|唐诗之路|嵊州|溪流,2,景点,景点,,,,,,3,3.9,,嵊州剡溪,建议自驾,,0.5,,,,,绍兴市嵊州市剡溪沿岸,,,,,,嵊州市,,,,,,,900.0,景点0057,,,,,,春秋,全天,,3
免费,comprehensive,0,柯桥为绍兴重要商贸古镇，明清时期商贾云集。 柯桥因桥得名。古镇修复后融合了传统文化和现代商业。,,,,,,免费|古镇|柯桥|水乡,2,景点,景点,,,,,,3,4.0,,绍兴柯桥古镇,公交5路,,0.5,,,,,绍兴市柯桥区柯桥街道,,,,,,柯桥区,,,,,,,1100.0,景点0058,,,,,,四季皆宜,全天,,3
30元,comprehensive,0,祝英台传说源于东晋。祝家庄为梁祝故事中祝英台的家乡。 梁祝故事是中国四大民间传说之一。祝英台女扮男装求学遇梁山伯，演绎千古爱情绝唱。,,,,,,上虞|梁祝|爱情圣地|祝英台,2,景点,景点,,,,,,3,4.0,,上虞祝家庄,上虞区公交,,0.5,,,,,绍兴市上虞区丰惠镇,,,,,,上虞区,,,,,,,800.0,景点0059,,,,浙江省非物质文化遗产,,春秋,08:30-16:30,,3
20元,comprehensive,0,绍兴儿童公园是绍兴最早的游乐园，有摩天轮、旋转木马等游乐设施。适合带小朋友游玩。,,,,,,亲子|游乐园|越城区,2,景点,景点,,,,,,3,3.8,,绍兴儿童公园,公交1/2路,,0.5,,,,,绍兴市越城区解放南路,,,,,,越城区,,,,,,,1200.0,景点0060,,,,,,四季皆宜,09:00-17:00,,3
120元,comprehensive,0,2010年代建成，是绍兴最大的水上乐园。 镜湖乐园依托镜湖水域，是绍兴夏季最热门的亲子游乐目的地。,,,,,,亲子|夏季|水上乐园|镜湖,2,景点,景点,,,,,,3,4.1,,绍兴镜湖乐园,公交15路,,0.5,,,,,绍兴市越城区镜湖新区,,,,,,越城区,,,,,,,2100.0,景点0061,,,,,,夏,09:30-17:30,,3
150元,comprehensive,0,东方山水乐园是绍兴大型室内主题乐园，有4D影院、互动体验馆等。不受天气影响全年可玩。,,,,,,主题乐园|亲子|室内|柯桥,2,景点,景点,,,,,,3,4.0,,绍兴东方山水乐园,公交5路,,0.5,,,,,绍兴市柯桥区鉴湖路,,,,,,柯桥区,,,,,,,1800.0,景点0062,,,,,,四季皆宜,09:30-17:00,,3
20元,comprehensive,0,重阳宫是新昌著名道观，始建于唐代。宫内古木参天环境清幽，是浙东道教圣地之一。,,,,,,古建筑|新昌|道教,2,景点,景点,,,,,,3,3.9,,新昌重阳宫,新昌公交,,0.5,,,,,绍兴市新昌县城关镇,,,,,,新昌县,,,,,,,700.0,景点0063,,,,新昌县文物保护单位,,四季皆宜,08:00-17:00,,3
免费,comprehensive,0,始建于南朝梁代，距今1500余年。 龙华寺与八字桥、广宁桥构成绍兴古桥寺庙景观群。,,,,,,佛教|免费|寺庙|越城区,2,景点,景点,,,,,,3,3.9,,绍兴龙华寺,步行从八字桥可达,,0.5,,,,,绍兴市越城区广宁桥附近,,,,,,越城区,,,,,,,600.0,景点0064,,,,绍兴市文物保护单位,,四季皆宜,08:00-17:00,,3
55元,comprehensive,0,斗岩是诸暨丹霞地貌代表，以巨岩和奇峰闻名。有斗岩大佛和登天梯等景点，是登山爱好者好去处。,,,,,,丹霞地貌|登山|自然风光|诸暨,2,景点,景点,,,,,,3,4.1,,诸暨斗岩,诸暨客运中心乘班车,,0.5,,,,,绍兴市诸暨市牌头镇,,,,,,诸暨市,,,,,,,1600.0,景点0065,,,,,,春秋,08:00-17:00,,3
免费,comprehensive,0,南山湖是嵊州南部的人工湖，湖光山色秀丽。周边有茶园和竹林，是休闲度假好去处。,,,,,,免费|嵊州|湖泊|自然,2,景点,景点,,,,,,3,3.8,,嵊州南山湖,建议自驾,,0.5,,,,,绍兴市嵊州市长乐镇,,,,,,嵊州市,,,,,,,500.0,景点0066,,,,,,春秋,全天,,3
免费,comprehensive,0,越国都城城墙始建于公元前5世纪。历代重修扩建。 绍兴古城墙见证了2500年城市历史。现存遗址是研究古代城市格局的重要实物。,,,,,,免费|古城|城墙|遗址,2,景点,景点,,,,,,3,3.8,,绍兴古城墙遗址,公交2/5路,,0.5,,,,,绍兴市越城区府山周边,,,,,,越城区,,,,,,,500.0,景点0067,,,,浙江省文物保护单位,,四季皆宜,全天,,3
,comprehensive,0,以鉴湖水、糯米、麦曲为原料，经14道工序。开耙是关键技术。,,,,,,,2,景点,景点,,,,,,1,0,,绍兴黄酒酿造技艺,,,0.5,,,,,,,,,,,,,,,,,,0,景点0068,,,,,,,,,3
,comprehensive,0,酒坛彩绘含人物花鸟山水，女儿红状元红最著名。,,,,,,,0,景点,景点,,,,,,1,0,,绍兴花雕制作技艺,,,0.5,,,,,,,,,,,,,,,,,,0,景点0069,,,,,,,,,3
,comprehensive,0,绍兴师爷以刑名钱谷技能闻名，体现精明务实性格。,,,,,,,0,景点,景点,,,,,,1,0,,绍兴师爷文化,,,0.5,,,,,,,,,,,,,,,,,,0,景点0070,,,,,,,,,3
,comprehensive,0,每年清明公祭大禹陵。仪仗庄严，击鼓鸣钟献酒献舞。,,,,,,,0,景点,景点,,,,,,1,0,,大禹祭典,,,0.5,,,,,,,,,,,,,,,,,,0,景点0071,,,,,,,,,3
,comprehensive,0,用芥菜腌制晒干色泽乌黑香气浓郁。绍兴有乌干菜白米饭的俗语。,,,,,,,0,景点,景点,,,,,,2,0,,绍兴乌篷船制作技艺,,,0.5,,,,,,,,,,,,,,,,,,0,景点0072,,,,,,,,,3
,comprehensive,0,庙台或临水戏台演出，以越剧绍剧为主。,,,,,,,0,景点,景点,,,,,,1,0,,绍兴水乡社戏,,,0.5,,,,,,,,,,,,,,,,,,0,景点0073,,,,,,,,,3
,comprehensive,0,含熔化浇铸锻打焊接雕刻。锡壶锡杯为传统产品。,,,,,,,0,景点,景点,,,,,,1,0,,绍兴锡器制作技艺,,,0.5,,,,,,,,,,,,,,,,,,0,景点0074,,,,,,,,,3
,comprehensive,0,以精细著称，可编人物动物花鸟立体造型。,,,,,,,0,景点,景点,,,,,,1,0,,嵊州竹编,,,0.5,,,,,,,,,,,,,,,,,,0,景点0075,,,,,,,,,3
,comprehensive,0,以高腔为主唱腔高亢激越，被誉为中国戏曲活化石。,,,,,,,0,景点,景点,,,,,,1,0,,新昌调腔,,,0.5,,,,,,,,,,,,,,,,,,0,景点0076,,,,,,,,,3
,comprehensive,0,以目连救母故事为主线，穿插特技表演。,,,,,,,0,景点,景点,,,,,,1,0,,绍兴目连戏,,,0.5,,,,,,,,,,,,,,,,,,0,景点0077,,,,,,,,,3
,comprehensive,0,以绍兴方言演唱，一人领唱众人帮腔，语言幽默风趣。,,,,,,,0,景点,景点,,,,,,1,0,,绍兴莲花落,,,0.5,,,,,,,,,,,,,,,,,,0,景点0078,,,,,,,,,3
,comprehensive,0,用绍兴官话演唱旋律优美典雅。琵琶三弦扬琴二胡伴奏。,,,,,,,0,景点,景点,,,,,,1,0,,绍兴平湖调,,,0.5,,,,,,,,,,,,,,,,,,0,景点0079,,,,,,,,,3
,comprehensive,0,腊月廿三至除夕举行。供奉三牲年糕祈求来年平安。,,,,,,,1,景点,景点,,,,,,1,0,,绍兴祝福仪式,,,0.5,,,,,,,,,,,,,,,,,,0,景点0080,,,,,,,,,3
,comprehensive,0,摇啊摇摇到外婆桥为代表作。语言质朴韵律优美。,,,,,,,0,景点,景点,,,,,,1,0,,绍兴童谣,,,0.5,,,,,,,,,,,,,,,,,,0,景点0081,,,,,,,,,3
,comprehensive,0,线刻浮雕镂空等技法。以精细细腻著称。,,,,,,,0,景点,景点,,,,,,1,0,,绍兴铜雕,,,0.5,,,,,,,,,,,,,,,,,,0,景点0082,,,,,,,,,3
,comprehensive,0,以纸折扇为主扇面有名家书画。,,,,,,,0,景点,景点,,,,,,1,0,,绍兴扇艺,,,0.5,,,,,,,,,,,,,,,,,,0,景点0083,,,,,,,,,3
,comprehensive,0,迎亲乘乌篷船而行。安昌古镇保留水上婚礼表演。,,,,,,,0,景点,景点,,,,,,1,0,,绍兴水乡婚俗,,,0.5,,,,,,,,,,,,,,,,,,0,景点0084,,,,,,,,,3
,comprehensive,0,以高腔为主唱腔高亢激越，保留古老戏曲元素。,,,,,,,0,景点,景点,,,,,,1,0,,诸暨西路乱弹,,,0.5,,,,,,,,,,,,,,,,,,0,景点0085,,,,,,,,,3
,comprehensive,0,以七分天然三分人工为理念。产品远销海内外。,,,,,,,0,景点,景点,,,,,,1,0,,嵊州根雕,,,0.5,,,,,,,,,,,,,,,,,,0,景点0086,,,,,,,,,3
,comprehensive,0,赛龙舟吃粽子挂艾草。鉴湖和环城河举办龙舟赛。,,,,,,,0,景点,景点,,,,,,1,0,,绍兴端午习俗,,,0.5,,,,,,,,,,,,,,,,,,0,景点0087,,,,,,,,,3
,comprehensive,0,鉴湖泛舟赏月和沈园月下听曲是特色。,,,,,,,0,景点,景点,,,,,,1,0,,绍兴中秋习俗,,,0.5,,,,,,,,,,,,,,,,,,0,景点0088,,,,,,,,,3
,comprehensive,0,登会稽山和府山。菊花酒用黄酒浸泡菊花制成。,,,,,,,0,景点,景点,,,,,,1,0,,绍兴重阳习俗,,,0.5,,,,,,,,,,,,,,,,,,0,景点0089,,,,,,,,,3
,comprehensive,0,以类玉似冰的釉色著称。唐代陆龟蒙赞九秋风露越窑开夺得千峰翠色来。,,,,,,,0,景点,景点,,,,,,1,0,,越窑青瓷烧制技艺,,,0.5,,,,,,,,,,,,,,,,,,0,景点0090,,,,,,,,,3
,comprehensive,0,含梁桥拱桥八字桥等多种形式，选石雕凿架设等技艺。,,,,,,,0,景点,景点,,,,,,1,0,,绍兴石桥营造技艺,,,0.5,,,,,,,,,,,,,,,,,,0,景点0091,,,,,,,,,3
,comprehensive,0,以绍兴方言演唱，内容多为水乡生活和爱情故事。,,,,,,,0,景点,景点,,,,,,1,0,,绍兴水乡船歌,,,0.5,,,,,,,,,,,,,,,,,,0,景点0092,,,,,,,,,3
,comprehensive,0,搭台唱戏祭祀土地神聚餐。农村最热闹的传统节日。,,,,,,,1,景点,景点,,,,,,1,0,,绍兴社日习俗,,,0.5,,,,,,,,,,,,,,,,,,0,景点0093,,,,,,,,,3
,comprehensive,0,题材多为水乡风光戏曲人物花鸟鱼虫。线条细腻造型生动。,,,,,,,0,景点,景点,,,,,,1,0,,绍兴剪纸,,,0.5,,,,,,,,,,,,,,,,,,0,景点0094,,,,,,,,,3
,comprehensive,0,香榧是特产坚果。千年香榧林在稽东镇最老香榧树1500余年。,,,,,,,0,景点,景点,,,,,,1,0,,绍兴香榧文化,,,0.5,,,,,,,,,,,,,,,,,,0,景点0095,,,,,,,,,3
,comprehensive,0,绍兴母子酱油是独特酿造工艺。以酱油代水酿造而成，色泽深褐味道醇厚。是中国酱文化的活化石。,,,,,,,0,景点,景点,,,,,,1,0,,绍兴非遗·绍兴酱文化,,,0.5,,,,,,,,,,,,,,,,,,0,景点0096,,,,,,,,,3
,comprehensive,0,绍兴年糕以水磨年糕最为著名。口感软糯Q弹，可炒可煮可煎。春节家家必备。,,,,,,,0,景点,景点,,,,,,1,0,,绍兴非遗·绍兴年糕制作,,,0.5,,,,,,,,,,,,,,,,,,0,景点0097,,,,,,,,,3
,comprehensive,0,绍兴腐乳以色泽红润、质地细腻、咸甜适口著称。是绍兴人餐桌必备佐餐小菜。,,,,,,,0,景点,景点,,,,,,3,0,,绍兴非遗·绍兴腐乳,,,0.5,,,,,,,,,,,,,,,,,,0,景点0098,,,,,,,,,3
,comprehensive,0,绍兴龙舟赛不仅是体育竞技更是水乡民俗。端午节期间鉴湖上百舸争流。,,,,,,,2,景点,景点,,,,,,1,0,,绍兴非遗·绍兴端午龙舟,,,0.5,,,,,,,,,,,,,,,,,,0,景点0099,,,,,,,,,3
,comprehensive,0,立夏是夏季第一个节气。绍兴人吃豌豆糯米饭、称小孩体重，寓意健康成长。,,,,,,,1,景点,景点,,,,,,2,0,,绍兴非遗·绍兴立夏习俗,,,0.5,,,,,,,,,,,,,,,,,,0,景点0100,,,,,,,,,3
免费,comprehensive,0,绍兴博物馆成立于1992年，是绍兴最大的综合性博物馆。馆藏文物3万余件，以越文化文物为特色。 馆藏越王勾践剑复制品、越窑青瓷精品、徐渭书画真迹等，系统展示绍兴7000年文明史。,,29.9952,,,,免费|博物馆|历史文化|展览|气象|科普|越文化,4,展馆,展馆,,,https://image.baidu.com/search?word=%E7%BB%8D%E5%85%B4%E5%8D%9A%E7%89%A9%E9%A6%86%E7%BB%8D%E5%85%B4,,,6,4.0,,绍兴博物馆,公交2/5路至城市广场站,,0.5,,,,,绍兴市越城区偏门直街75号,,,,,,越城区,,,,,,,6800.0,展馆0101,,,120.5718,国家二级博物馆,,四季皆宜,09:00-16:30(周一闭馆),,3
30元,comprehensive,0,绍兴黄酒酿造史可追溯至7000年前的河姆渡文化时期。《吕氏春秋》记载越王勾践以酒奖励生育。 绍兴黄酒以鉴湖水、糯米、麦曲为原料，经浸米、蒸饭、落缸、开耙、压榨、煎酒、封坛等工序。花雕酒坛上的彩绘是独特工艺。,,30.0038,,,,体验|博物馆|特色|非遗|黄酒文化,3,展馆,展馆,,,https://image.baidu.com/search?word=%E4%B8%AD%E5%9B%BD%E9%BB%84%E9%85%92%E5%8D%9A%E7%89%A9%E9%A6%86%E7%BB%8D%E5%85%B4,,,3,4.3,,中国黄酒博物馆,公交1/5路,,0.5,,,,,绍兴市越城区下大路557号,,,,,,越城区,,,,,,,5700.0,展馆0102,,,120.5722,国家级非物质文化遗产,,四季皆宜,09:00-16:30,,3
免费,comprehensive,0,绍兴科技馆是集科普教育、互动体验于一体的现代化科技馆。有机器人、VR体验、4D影院等，适合亲子游。,,29.997,,,,亲子|免费|科技馆|科普,2,展馆,展馆,,,https://image.baidu.com/search?word=%E7%BB%8D%E5%85%B4%E7%A7%91%E6%8A%80%E9%A6%86%E7%BB%8D%E5%85%B4,,,3,4.0,,绍兴科技馆,公交1/2路,,0.5,,,,,绍兴市越城区人民东路,,,,,,越城区,,,,,,,2200.0,展馆0103,,,120.592,,,四季皆宜,09:00-16:30(周一闭馆),,3
免费,comprehensive,0,绍兴是书画之乡，孕育了王羲之、徐渭、陈洪绶等书画大家。 馆藏徐渭、陈洪绶、赵之谦等绍兴籍书画家作品。,,,,,,书画|免费|展览|美术馆,2,展馆,展馆,,,,,,3,3.9,,绍兴市美术馆,公交1/2路,,0.5,,,,,绍兴市越城区人民西路,,,,,,越城区,,,,,,,1200.0,展馆0104,,,,,,四季皆宜,09:00-16:30(周一闭馆),,3
按演出定价,comprehensive,0,绍兴大剧院是绍兴最大的演出场所，定期上演越剧、话剧、音乐会等。建筑外观现代，是绍兴文化地标之一。,,,,,,剧院|文化|演出|越剧,2,展馆,展馆,,,,,,3,4.0,,绍兴大剧院,公交1/2路,,0.5,,,,,绍兴市越城区解放北路,,,,,,越城区,,,,,,,1800.0,展馆0105,,,,,,四季皆宜,按演出时间,,3
免费,comprehensive,0,越国为春秋五霸之一，都城在绍兴。博物馆集中展示越国考古成果。 馆藏越王勾践剑复制品和大量越国文物。,,,,,,免费|博物馆|考古|越国文化,2,展馆,展馆,,,,,,3,3.9,,绍兴越国文化博物馆,步行从鲁迅故里可达,,0.5,,,,,绍兴市越城区鲁迅中路,,,,,,越城区,,,,,,,600.0,展馆0106,,,,,,四季皆宜,09:00-16:30,,3
免费,comprehensive,0,绍兴市图书馆是绍兴最大的公共图书馆。有古籍阅览室和绍兴地方文献专区，是研究绍兴文化的好去处。,,,,,,免费|图书馆|学习|文化,2,展馆,展馆,,,,,,3,4.0,,绍兴市图书馆,公交1/2路,,0.5,,,,,绍兴市越城区延安路,,,,,,越城区,,,,,,,900.0,展馆0107,,,,,,四季皆宜,09:00-20:30(周一闭馆),,3
,dianping_static|comprehensive,0,创建于清光绪二十年（1894年），因鲁迅小说《孔乙己》闻名天下。店内有'孔乙己欠十九文钱'的趣味招牌，是来绍兴必打卡的文化餐厅。,,,,,,,0,美食店铺,美食店铺,,,,,,3,0,,咸亨酒店,,,0.5,,,,,越城区鲁迅中路179号,,,,,,,,,,,,,0,美食0108,,,,,,,,,2
,dianping_static,0,位于仓桥直街核心位置，以新派绍兴菜见长。装修古色古香，将传统绍兴菜与现代口味结合，常年排队。,,,,,,,0,美食店铺,美食店铺,,,,,,1,0,,寻宝记绍兴菜,,,0.5,,,,,越城区仓桥直街114号,,,,,,,,,,,,,0,美食0109,,,,,,,,,2
,dianping_static,0,绍兴老牌酒楼，以传统绍兴菜见长。清汤越鸡选用本地越鸡，汤清味醇，是绍兴十大名菜之一。,,,,,,,0,美食店铺,美食店铺,,,,,,1,0,,状元楼,,,0.5,,,,,越城区胜利西路,,,,,,,,,,,,,0,美食0110,,,,,,,,,2
,dianping_static,0,鲁迅主题绍兴菜馆，店内随处可见《孔乙己》元素。'多乎哉？不多也'的茴香豆是每桌必点。,,,,,,,0,美食店铺,美食店铺,,,,,,1,0,,孔乙己酒家,,,0.5,,,,,越城区鲁迅中路273号,,,,,,,,,,,,,0,美食0111,,,,,,,,,2
,dianping_static,0,绍兴最老牌的高端酒店，位于府山脚下，园林式建筑。接待过众多中外政要，是体验正宗绍兴官府菜的首选。,,,,,,,0,美食店铺,美食店铺,,,,,,1,0,,绍兴饭店,,,0.5,,,,,越城区环山路8号,,,,,,,,,,,,,0,美食0112,,,,,,,,,2
,dianping_static,0,绍兴百年老店，以面点小吃闻名。生煎包底脆肉鲜，是绍兴人从小吃到大的味道。每天清晨排长队。,,,,,,,0,美食店铺,美食店铺,,,,,,1,0,,同心楼,,,0.5,,,,,越城区解放北路430号,,,,,,,,,,,,,0,美食0113,,,,,,,,,2
,dianping_static,0,仓桥直街巷子里的地道面馆。次坞打面是诸暨特色，手工打制，面条劲道有嚼劲。,,,,,,,0,美食店铺,美食店铺,,,,,,1,0,,仓桥阿丘面馆,,,0.5,,,,,越城区仓桥直街,,,,,,,,,,,,,0,美食0114,,,,,,,,,2
,dianping_static,0,始于清同治年间，以绍兴小笼包闻名。皮薄馅大，汤汁鲜美，是本地人的心头好。,,,,,,,0,美食店铺,美食店铺,,,,,,1,0,,荣禄春,,,0.5,,,,,越城区解放北路,,,,,,,,,,,,,0,美食0115,,,,,,,,,2
,dianping_static,0,嵊州是浙江小吃之乡。豆腐包用嫩豆腐做馅，一咬爆汁。炒年糕不是炒的而是带汤的，是嵊州独有吃法。,,,,,,,1,美食店铺,美食店铺,,,,,,1,0,,嵊州小吃（鲁迅故里店）,,,0.5,,,,,越城区鲁迅中路鲁迅故里景区附近,,,,,,,,,,,,,0,美食0116,,,,,,,,,2
,dianping_static,0,绍兴臭豆腐的代表摊位，外酥里嫩，配上甜酱和辣酱，是逛鲁迅故里时必吃的街头美食。,,,,,,,2,美食店铺,美食店铺,,,,,,1,0,,王老汉臭豆腐,,,0.5,,,,,越城区鲁迅中路,,,,,,,,,,,,,0,美食0117,,,,,,,,,2
,dianping_static,0,奶油小攀是绍兴独有的传统甜品，类似蛋挞但口感更绵密。高老太是公认最正宗的，开了三十多年。,,,,,,,1,美食店铺,美食店铺,,,,,,1,0,,高老太奶油小攀,,,0.5,,,,,越城区新建南路,,,,,,,,,,,,,0,美食0118,,,,,,,,,2
,dianping_static,0,中国黄酒博物馆附设商店，可品酒购酒。从三年陈到三十年陈应有尽有，还有黄酒棒冰、黄酒奶茶等文创产品。,,,,,,,0,美食店铺,美食店铺,,,,,,1,0,,黄酒博物馆文创店,,,0.5,,,,,越城区下大路557号,,,,,,,,,,,,,0,美食0119,,,,,,,,,2
,dianping_static,0,绍兴黄酒新喝法的代表店铺。黄酒+奶茶的跨界组合意外好喝，酒香与奶香融合，是年轻人的打卡圣地。,,,,,,,1,美食店铺,美食店铺,,,,,,1,0,,绘璟轩·黄酒奶茶,,,0.5,,,,,越城区仓桥直街,,,,,,,,,,,,,0,美食0120,,,,,,,,,2
,dianping_static,0,隐藏在巷弄里的文艺私房菜馆，小院环境雅致。需提前预约，菜品精致有创意。,,,,,,,0,美食店铺,美食店铺,,,,,,1,0,,柒舍小院,,,0.5,,,,,越城区西小路,,,,,,,,,,,,,0,美食0121,,,,,,,,,2
,dianping_static,0,绍兴本地连锁品牌，菜品标准化，环境干净现代。适合不习惯苍蝇馆子的游客，味道正宗。,,,,,,,1,美食店铺,美食店铺,,,,,,1,0,,绍东家,,,0.5,,,,,越城区世茂广场,,,,,,,,,,,,,0,美食0122,,,,,,,,,2
,dianping_static,0,创建于清光绪十八年（1892年），至今仍用传统工艺晒制酱油。园区免费参观，可购买手工酱油和酱货。,,,,,,,0,美食店铺,美食店铺,,,,,,1,0,,安昌古镇仁昌酱园,,,0.5,,,,,柯桥区安昌古镇内,,,,,,,,,,,,,0,美食0123,,,,,,,,,2
,dianping_static,0,扯白糖是绍兴非遗技艺。师傅现场拉制，将滚烫糖浆反复拉扯至银白色，切成小块，甜而不腻。,,,,,,,1,美食店铺,美食店铺,,,,,,1,0,,安昌古镇陈记扯白糖,,,0.5,,,,,柯桥区安昌古镇老街,,,,,,,,,,,,,0,美食0124,,,,,,,,,2
,dianping_static,0,柯桥区小吃集中地，各类绍兴特色小吃一应俱全，适合一站式品尝。,,,,,,,0,美食店铺,美食店铺,,,,,,1,0,,柯桥越乡小吃街,,,0.5,,,,,柯桥区万达广场附近,,,,,,,,,,,,,0,美食0125,,,,,,,,,2
,comprehensive,0,兰亭景区旁的书法主题餐厅，每道菜都与书法文化相关。书法豆腐上用墨鱼汁写着'兰亭'二字。,,,,,,,2,美食店铺,美食店铺,,,,,,1,0,,兰亭记,,,0.5,,,,,柯桥区兰亭景区附近,,,,,,,,,,,,,0,美食0126,,,,,,,,,2
,comprehensive,0,次坞打面是非遗技艺，用竹杠反复打压面团使其劲道。入口弹牙、汤头鲜美，是诸暨第一面。,,,,,,,1,美食店铺,美食店铺,,,,,,1,0,,诸暨次坞打面馆,,,0.5,,,,,越城区人民中路,,,,,,,,,,,,,0,美食0127,,,,,,,,,2
,comprehensive,0,新昌炒年糕带汤，用冬笋、雪菜、肉丝同炒后加水煮，年糕软糯汤汁鲜美。,,,,,,,2,美食店铺,美食店铺,,,,,,1,0,,新昌炒年糕店,,,0.5,,,,,新昌县城,,,,,,,,,,,,,0,美食0128,,,,,,,,,2
,comprehensive,0,书圣故里附近的老牌臭豆腐摊，据说有30多年历史。臭豆腐外酥里嫩酱料是秘制的。,,,,,,,0,美食店铺,美食店铺,,,,,,1,0,,老台门臭豆腐,,,0.5,,,,,越城区书圣故里,,,,,,,,,,,,,0,美食0129,,,,,,,,,2
,comprehensive,0,绍兴黄酒龙头企业古越龙山的体验馆。可参观酿酒过程，品尝不同年份黄酒，定制专属花雕酒坛。,,,,,,,0,美食店铺,美食店铺,,,,,,1,0,,古越龙山体验馆,,,0.5,,,,,越城区北海街道,,,,,,,,,,,,,0,美食0130,,,,,,,,,2
,comprehensive,0,安昌古镇老街上的人气餐馆，以安昌腊味和本地绍兴菜为主。腊肠蒸饭是招牌。,,,,,,,0,美食店铺,美食店铺,,,,,,1,0,,安昌古镇宝麟酒家,,,0.5,,,,,柯桥区安昌古镇老街,,,,,,,,,,,,,0,美食0131,,,,,,,,,2
,comprehensive,0,仓桥直街夜市汇聚绍兴各类小吃，晚上红灯笼亮起氛围绝佳。适合晚饭后边逛边吃。,,,,,,,0,美食店铺,美食店铺,,,,,,1,0,,仓桥直街夜市小吃,,,0.5,,,,,越城区仓桥直街,,,,,,,,,,,,,0,美食0132,,,,,,,,,2
,comprehensive,0,鲁迅故里景区周边小吃街，汇聚绍兴经典小吃。游客最集中的美食区域。,,,,,,,0,美食店铺,美食店铺,,,,,,1,0,,鲁迅故里小吃街,,,0.5,,,,,越城区鲁迅中路,,,,,,,,,,,,,0,美食0133,,,,,,,,,2
,comprehensive,0,东湖景区内的茶馆，可一边品茶一边欣赏东湖山水。桂花糕是季节限定。,,,,,,,0,美食店铺,美食店铺,,,,,,1,0,,东湖乌篷船码头茶馆,,,0.5,,,,,越城区东湖风景区内,,,,,,,,,,,,,0,美食0134,,,,,,,,,2
,comprehensive,0,沈园内的茶馆，坐在宋代园林中品茶别有意境。可听到不远处越剧堂会的袅袅唱腔。,,,,,,,0,美食店铺,美食店铺,,,,,,1,0,,沈园茶馆,,,0.5,,,,,越城区沈园景区内,,,,,,,,,,,,,0,美食0135,,,,,,,,,2
,comprehensive,0,大禹陵周边的农家乐，以本地土鸡和鉴湖河鲜为主。土鸡煲是每桌必点。,,,,,,,0,美食店铺,美食店铺,,,,,,1,0,,大禹陵农家乐,,,0.5,,,,,越城区大禹陵景区附近,,,,,,,,,,,,,0,美食0136,,,,,,,,,2
,comprehensive,0,兰亭景区附近的农家菜，春季笋干最鲜美。环境简朴但食材新鲜地道。,,,,,,,0,美食店铺,美食店铺,,,,,,1,0,,兰亭农家菜馆,,,0.5,,,,,柯桥区兰亭景区附近,,,,,,,,,,,,,0,美食0137,,,,,,,,,2
,comprehensive,0,穿岩十九峰周边的农家乐。新昌炒年糕是必吃的，配上一碗土鸡汤完美补给登山消耗。,,,,,,,0,美食店铺,美食店铺,,,,,,1,0,,新昌农家乐,,,0.5,,,,,新昌县穿岩十九峰附近,,,,,,,,,,,,,0,美食0138,,,,,,,,,2
,comprehensive,0,覆卮山周边农家乐。油菜花季时坐在梯田边吃饭景色绝佳。,,,,,,,0,美食店铺,美食店铺,,,,,,1,0,,上虞农家乐,,,0.5,,,,,上虞区覆卮山附近,,,,,,,,,,,,,0,美食0139,,,,,,,,,2
,comprehensive,0,绍兴梅干菜色泽乌黑、香气浓郁。以芥菜腌制晒干而成，是做梅干菜扣肉的必备食材。,,,,,,,0,美食店铺,美食店铺,,,,,,2,0,,绍兴特产·梅干菜,,,0.5,,,,,各土特产店有售,,,,,,,,,,,,,0,美食0140,,,,,,,,,2
,comprehensive,0,安昌腊肠选用猪后腿肉灌制，用酱油、黄酒、白糖腌制后风干。蒸熟切片即可食用，香气扑鼻。,,,,,,,2,美食店铺,美食店铺,,,,,,1,0,,绍兴特产·安昌腊肠,,,0.5,,,,,柯桥区安昌古镇,,,,,,,,,,,,,0,美食0141,,,,,,,,,2
,comprehensive,0,绍兴酱鸭用母子酱油腌制后风干，肉质紧实酱香浓郁。是过年必备的年货。,,,,,,,1,美食店铺,美食店铺,,,,,,1,0,,绍兴特产·酱鸭,,,0.5,,,,,各土特产店有售,,,,,,,,,,,,,0,美食0142,,,,,,,,,2
,comprehensive,0,花雕酒是绍兴黄酒中的精品，酒坛上有精美彩绘。陈年花雕酒色如琥珀，温润醇厚。,,,,,,,1,美食店铺,美食店铺,,,,,,1,0,,绍兴特产·花雕酒,,,0.5,,,,,各酒庄有售,,,,,,,,,,,,,0,美食0143,,,,,,,,,2
,comprehensive,0,绍兴三臭之一。苋菜梗发酵后产生特殊风味，爱的人爱死、怕的人怕死。配豆腐同蒸为'蒸双臭'。,,,,,,,1,美食店铺,美食店铺,,,,,,1,0,,绍兴特产·霉苋菜梗,,,0.5,,,,,各菜市场有售,,,,,,,,,,,,,0,美食0144,,,,,,,,,2
,comprehensive,0,绍兴三臭之二。千张（豆腐皮）发酵后产生浓郁风味。蒸后口感绵软，是绍兴人最爱的下饭菜。,,,,,,,1,美食店铺,美食店铺,,,,,,1,0,,绍兴特产·霉千张,,,0.5,,,,,各菜市场有售,,,,,,,,,,,,,0,美食0145,,,,,,,,,2
,comprehensive,0,绍兴三臭之三。苋菜梗卤水浸泡豆腐后油炸至金黄。外酥里嫩，蘸甜酱和辣酱吃。,,,,,,,0,美食店铺,美食店铺,,,,,,1,0,,绍兴特产·臭豆腐,,,0.5,,,,,街头随处可见,,,,,,,,,,,,,0,美食0146,,,,,,,,,2
,comprehensive,0,绍兴独有酱油。以酱油代水酿造而成（'母'酱油酿'子'酱油），色泽深褐味道醇厚。,,,,,,,1,美食店铺,美食店铺,,,,,,1,0,,绍兴特产·母子酱油,,,0.5,,,,,柯桥区安昌仁昌酱园,,,,,,,,,,,,,0,美食0147,,,,,,,,,2
,comprehensive,0,绍兴糟货代表。鸡肉用酒糟腌制后肉质紧实、酒香浓郁。是绍兴人过年必备冷盘。,,,,,,,1,美食店铺,美食店铺,,,,,,1,0,,绍兴特产·糟鸡,,,0.5,,,,,各卤味店有售,,,,,,,,,,,,,0,美食0148,,,,,,,,,2
,comprehensive,0,用花雕酒和酱油腌制大闸蟹。蟹黄与酒香融合，是绍兴秋冬季节的极品美味。,,,,,,,1,美食店铺,美食店铺,,,,,,2,0,,绍兴特产·醉蟹,,,0.5,,,,,各餐厅有售,,,,,,,,,,,,,0,美食0149,,,,,,,,,2
,comprehensive,0,绍兴传统糕点，以米粉、白糖、桂花为原料烘烤制成。酥脆香甜，是伴手礼佳选。,,,,,,,2,美食店铺,美食店铺,,,,,,1,0,,绍兴特产·香糕,,,0.5,,,,,各糕点店有售,,,,,,,,,,,,,0,美食0150,,,,,,,,,2
,comprehensive,0,嵊州传统米面，细如发丝。炒或煮汤皆可，口感爽滑。是嵊州家家户户必备的主食。,,,,,,,1,美食店铺,美食店铺,,,,,,1,0,,绍兴特产·嵊州榨面,,,0.5,,,,,嵊州各特产店,,,,,,,,,,,,,0,美食0151,,,,,,,,,2
,comprehensive,0,以绍兴三臭闻名的本地菜馆。霉苋菜梗蒸豆腐是招牌。体验地道绍兴味的好去处。,,,,,,,0,美食店铺,美食店铺,,,,,,1,0,,绍兴土菜馆,,,0.5,,,,,越城区鲁迅中路,,,,,,,,,,,,,0,美食0152,,,,,,,,,2
,comprehensive,0,府山公园旁的本地土菜馆，游客少本地人多。越鸡是绍兴本地鸡种，清汤炖制肉质鲜嫩。,,,,,,,0,美食店铺,美食店铺,,,,,,1,0,,府山脚下土菜馆,,,0.5,,,,,越城区府山公园附近,,,,,,,,,,,,,0,美食0153,,,,,,,,,2
,comprehensive,0,绍兴老字号糕点店，桂花糕和香糕最受欢迎。伴手礼首选。,,,,,,,0,美食店铺,美食店铺,,,,,,1,0,,丁大兴糕点,,,0.5,,,,,越城区解放南路,,,,,,,,,,,,,0,美食0154,,,,,,,,,2
,comprehensive,0,古越龙山旗下的黄酒主题餐厅。每道菜都以黄酒入菜，酒香与菜香完美融合。,,,,,,,1,美食店铺,美食店铺,,,,,,1,0,,古越龙山酒楼,,,0.5,,,,,越城区北海街道,,,,,,,,,,,,,0,美食0155,,,,,,,,,2
,comprehensive,0,绍兴市中心最大的购物中心美食广场，汇集绍兴小吃和全国连锁餐饮品牌。,,,,,,,0,美食店铺,美食店铺,,,,,,1,0,,银泰城美食广场,,,0.5,,,,,越城区解放南路银泰城,,,,,,,,,,,,,0,美食0156,,,,,,,,,2
,comprehensive,0,绍兴世茂商圈的美食聚集区，从本地绍兴菜到日韩料理应有尽有。,,,,,,,0,美食店铺,美食店铺,,,,,,1,0,,世茂美食街,,,0.5,,,,,越城区世茂广场,,,,,,,,,,,,,0,美食0157,,,,,,,,,2
,comprehensive,0,绍兴本地人爱吃的老面馆。片儿川雪菜笋片肉丝浇头鲜美。,,,,,,,0,美食店铺,美食店铺,,,,,,1,0,,阿二面馆,,,0.5,,,,,越城区人民中路,,,,,,,,,,,,,0,美食0158,,,,,,,,,2
,comprehensive,0,绍兴传统早餐铺。咸豆浆配油条是正宗绍兴吃法。粢饭团裹油条和榨菜是绍兴人从小吃到大的早餐。,,,,,,,0,美食店铺,美食店铺,,,,,,1,0,,老绍兴早点铺,,,0.5,,,,,越城区解放北路,,,,,,,,,,,,,0,美食0159,,,,,,,,,2
,comprehensive,0,诸暨特色蒸菜馆。西施豆腐是诸暨名菜，嫩豆腐配虾仁火腿蒸制鲜香滑嫩。,,,,,,,1,美食店铺,美食店铺,,,,,,1,0,,诸暨蒸菜馆,,,0.5,,,,,诸暨市市区,,,,,,,,,,,,,0,美食0160,,,,,,,,,2
,comprehensive,0,新昌特色小吃。春饼薄如纸包着豆芽肉丝炸至金黄。米海茶是新昌传统饮品。,,,,,,,0,美食店铺,美食店铺,,,,,,1,0,,新昌特色小吃店,,,0.5,,,,,新昌县人民中路,,,,,,,,,,,,,0,美食0161,,,,,,,,,2
,comprehensive,0,上虞区知名农家菜馆。土鸡煲用本地散养土鸡慢炖数小时，汤浓味鲜。,,,,,,,0,美食店铺,美食店铺,,,,,,1,0,,上虞农家大院,,,0.5,,,,,上虞区市区,,,,,,,,,,,,,0,美食0162,,,,,,,,,2
,comprehensive,0,嵊州小吃一站式体验。小笼包皮薄馅大豆腐包一咬爆汁。炒年糕带汤是嵊州独有吃法。,,,,,,,0,美食店铺,美食店铺,,,,,,1,0,,嵊州越乡小吃城,,,0.5,,,,,嵊州市市区,,,,,,,,,,,,,0,美食0163,,,,,,,,,2
,,,,,,鲁迅故里/书圣故里/青藤书屋,鲁迅故里,,,,,,,绍兴名人故里研学游,,,,,,,,,,,,,,comprehensive,,,鲁迅故里（文学）、书圣故里（书法）、青藤书屋（绘画）、蔡元培故居（教育）、秋瑾故居（革命）。,,comprehensive:event:study_tour,,,,,,全年,,,,景点0001,,,,,,,,,3
,,,,,,安昌古镇/黄酒博物馆/书圣故里,安昌古镇,,,,,,,绍兴非遗体验之旅,,,,,,,,,,,,,,comprehensive,,,安昌扯白糖（观看制作）、黄酒博物馆（酿造体验）、书圣故里（书法体验）、嵊州竹编（手工艺体验）。,,comprehensive:event:ich_experience,,,,,,全年,,,,景点0006,,,,,,,,,3
,,,,,,鲁迅故里→沈园→书圣故里→仓桥直街,鲁迅故里,,,,,,,,,,,,,深度体验绍兴人文历史，景点集中在越城区步行可达,,,,,,,,comprehensive,,,,,comprehensive:route:culture1day,,,1天,,绍兴古城文化一日游,,,,,景点0001,,,,,,,,,4
,,,,,,兰亭景区→书圣故里→青藤书屋→绍兴博物馆,兰亭景区,,,,,,,,,,,,,追寻王羲之、徐渭书法足迹，书法爱好者必走线路,,,,,,,,comprehensive,,,,,comprehensive:route:calligraphy,,,1天,,绍兴书法朝圣之旅,,,,,景点0004,,,,,,,,,4
,,,,,,,,,美食推荐,,,,,,,,food_shop,1,,,,,同心楼生煎包刚出锅的最好吃！寻宝记排队1小时起步建议工作日去。高老太奶油小攀下午3点后基本卖完。黄酒棒冰5元一根随处可买。,,,,,xiaohongshu,,{'xiaohongshu': 1},,9100,xhs_static:绍兴最全美食地图本地人推荐,,,,,,,xiaohongshu_static,,,,,,,,绍兴最全美食地图本地人推荐,,,,1
,,,,,,,,,美食推荐,,,,,,,,food_shop,1,,,,,黄酒博物馆可以品酒，从3年陈到30年陈都有。古越龙山体验馆可以定制花雕酒坛。一定要试试黄酒奶茶和黄酒棒冰，意外好喝！,,,,,xiaohongshu,,{'xiaohongshu': 1},,3600,xhs_static:绍兴黄酒体验全攻略,,,,,,,xiaohongshu_static,,,,,,,,绍兴黄酒体验全攻略,,,,1
,,,,,,,,,美食推荐,,,,,,,,food_shop,1,,,,,咸亨酒店(1894年)茴香豆配太雕酒绝了。同心楼(百年)生煎包底脆肉鲜。荣禄春(同治年间)小笼包皮薄汤多。丁大兴桂花糕伴手礼首选。,,,,,xiaohongshu,,{'xiaohongshu': 1},,8900,xhs_static:绍兴这些老字号你吃过几家,,,,,,,xiaohongshu_static,,,,,,,,绍兴这些老字号你吃过几家,,,,1
,,,,,,,,,探店笔记,,,,,,,,food_shop,1,,,,,书圣故里巷子里有好几家宝藏咖啡馆。西小路的柒舍小院既是用餐也是下午茶好去处。仓桥直街的茶馆可以坐一下午。,,,,,xiaohongshu,,{'xiaohongshu': 1},,1800,xhs_static:,,,,,,,xiaohongshu_static,,,,,,,,绍兴探店之藏在巷子里的咖啡馆,,,,1
,,,,,,同心楼(生煎)→鲁迅故里(王老汉臭豆腐)→咸亨酒店(午餐)→高老太奶油小攀→寻宝记(晚餐)→绘璟轩(黄酒奶茶),鲁迅故里,,,,,,,,,,,,,串联最地道绍兴美味，少量多餐每样尝一点,,,,,,,,comprehensive,,,,,comprehensive:route:food1day,,,1天,,绍兴美食专线一日游,,,,,景点0001,,,,,,,,,2
,,,,2-3小时,,鲁迅故里,鲁迅故里,,,,,,mafengwo_static,,,鲁迅祖居→三味书屋→百草园→鲁迅纪念馆→鲁迅笔下风情园,attraction_review,1,,,,,,,,,,mafengwo,,{'mafengwo': 1},,,mafengwo_static:luxunguli,春秋（3-5月、9-11月）,,,建议上午8:30开门时到达，避开10点后的旅行团高峰,,,,,,景点0001,,,,,,,,免费不免票，需凭身份证领票；三味书屋有'早'字课桌可看；百草园免费开放,2
,,,,1.5-2小时（不含演出）,,沈园,沈园,,,,,,mafengwo_static,,,断云石→诗境石→孤鹤轩→钗头凤碑→葫芦池→六朝井亭,attraction_review,1,,,,,,,,,,mafengwo,,{'mafengwo': 1},,,mafengwo_static:shenyuan,春秋季，4月樱花季最佳,,,建议下午3点后入园，白天赏园+傍晚看《沈园之夜》演出,,,,,,景点0002,,,,,,,,夜游演出需另购票；钗头凤碑前可挂同心锁；园内有陆游纪念馆,2
,,,,2-3小时,,东湖,东湖,,,,,,mafengwo_static,,,入口码头→陶公洞（船）→仙桃洞（船）→听湫亭→霞川桥→绕门山,attraction_review,1,,,,,,,,,,mafengwo,,{'mafengwo': 1},,,mafengwo_static:donghu,春夏（荷花6-7月盛开）、秋季,,,必乘乌篷船！建议坐船进（领略水洞奇观）、步行出（欣赏全景）,,,,,,景点0003,,,,,,,,乌篷船票85元/人另购；节假日排队1小时起，建议工作日去；陶公洞内温差约10℃,2
,,,,2-3小时,,兰亭景区,兰亭景区,,,,,,mafengwo_static,,,鹅池碑→流觞亭→御碑亭→王右军祠→临池十八缸→书法博物馆,attraction_review,1,,,,,,,,,,mafengwo,,{'mafengwo': 1},,,mafengwo_static:lanting,春季（3-4月书法节）、秋季,,,最好的季节是春天，竹林新绿、曲水流觞活动丰富,,,,,,景点0004,,,,,,,,农历三月初三兰亭书法节最为热闹；可体验曲水流觞活动；出口处可购买文房四宝,2
,,,,3-4小时,,柯岩风景区,绍兴柯岩风景区,,,,,,mafengwo_static,,,柯岩入口→大佛→云骨→鉴湖码头→葫芦醉岛→鲁镇→鲁镇演出,attraction_review,1,,,,,,,,,,mafengwo,,{'mafengwo': 1},,,mafengwo_static:keyan,春秋（鉴湖桂花9-10月飘香）,,,景区较大，建议安排半天时间。柯岩看石、鉴湖坐船、鲁镇看演出,,,,,,景点0005,,,,,,,,联票115元含三景区；鲁镇有社戏表演；鉴湖古纤道不要错过,2
,,,,2-3小时,,安昌古镇,安昌古镇,,,,,,mafengwo_static,,,古镇入口→仁昌酱园→老街→福安居茶馆→师爷馆→穗康钱庄,attraction_review,1,,,,,,,,,,mafengwo,,{'mafengwo': 1},,,mafengwo_static:anchang,冬季（腊月风情节）、秋季,,,腊月最佳！腊味挂满屋檐，年味最浓。平时周末去也很悠闲,,,,,,景点0006,,,,,,,,扯白糖现场制作可观看；腊肠/酱鸭是必买特产；无需门票（部分小馆另收费）,2
,,,,1-2小时,,书圣故里,书圣故里,,,,,,mafengwo_static,,,题扇桥→躲婆弄→戒珠寺→蕺山街→笔飞弄→王羲之陈列馆,attraction_review,1,,,,,,,,,,mafengwo,,{'mafengwo': 1},,,mafengwo_static:shushengguli,四季皆宜,,,适合慢慢逛，感受老绍兴的烟火气。题扇桥和躲婆弄的故事很有趣,,,,,,景点0011,,,,,,,,免费开放，全天可逛；蕺山街上的老茶馆值得坐坐；可步行至蔡元培故居,2
,,,,1-2小时,,仓桥直街,仓桥直街,,,,,,mafengwo_static,,,城市广场入口→仓桥直街主街→寻宝记/阿丘面馆→河边茶馆,attraction_review,1,,,,,,,,,,mafengwo,,{'mafengwo': 1},,,mafengwo_static:cangqiao,四季皆宜,,,傍晚时分最美，落日余晖洒在河面上。适合晚饭后闲逛,,,,,,景点0012,,,,,,,,寻宝记常年排队建议提前拿号；街上有多家文艺小店；夜色中的红灯笼很有氛围,2
,,,,2天,,绍兴2日经典游,,D1:鲁迅故里(上午)→沈园(下午)→仓桥直街(晚上) | D2:东湖(上午)→兰亭(下午)→书圣故里(傍晚),,,,,mafengwo_static,,,,attraction_review,1,,,,,,,,,,mafengwo,,{'mafengwo': 1},,,mafengwo_static:route2day,,,,适合首次来绍兴，覆盖最核心景点，节奏适中,,,,,,,,,,,,,,D1景点集中在越城区步行可达；D2需乘车，东湖和兰亭相距约15公里,2
,,,,3天,,绍兴3日深度游,,D1:鲁迅故里→沈园→书圣故里(晚) | D2:柯岩风景区(全天)→仓桥直街(晚) | D3:东湖(上午)→兰亭(下午)→安昌古镇(下午),,,,,mafengwo_static,,,,attraction_review,1,,,,,,,,,,mafengwo,,{'mafengwo': 1},,,mafengwo_static:route3day,,,,涵盖市区精华+柯岩鉴湖+安昌古镇，适合深度体验,,,,,,,,,,,,,,可购买绍兴旅游联票；D2建议打车往返柯岩；D3东湖早去人少,2
,,,,,,,,,旅游攻略,,,,,,,,attraction_review,1,,,,,D1鲁迅故里+沈园+仓桥直街(夜景绝了！) D2东湖乌篷船+兰亭。住宿推荐越城区，200+就能住不错的。一定要吃王老汉臭豆腐和高老太奶油小攀！,,,,,xiaohongshu,,{'xiaohongshu': 1},,3200,xhs_static:绍兴2天1夜保姆级攻略,,,,,,,xiaohongshu_static,,,,,,,,绍兴2天1夜保姆级攻略,,,,1
,,,,,,,,,旅游攻略,,,,,,,,attraction_review,1,,,,,去了5次绍兴总结的精华路线。柯岩风景区一定要去，鉴湖坐船太美了。安昌古镇腊月去最有年味，扯白糖必看。,,,,,xiaohongshu,,{'xiaohongshu': 1},,5800,xhs_static:绍兴真的被低估了！三天两晚超详细行程,,,,,,,xiaohongshu_static,,,,,,,,绍兴真的被低估了！三天两晚超详细行程,,,,1
,,,,,,,,,拍照打卡,,,,,,,,attraction_review,1,,,,,1.八字桥(古桥+水乡经典机位) 2.仓桥直街(红灯笼夜景) 3.东湖乌篷船(ins风水墨大片) 4.覆卮山梯田(油菜花季绝美) 5.书圣故里(烟火气老街),,,,,xiaohongshu,,{'xiaohongshu': 1},,4200,xhs_static:绍兴这5个地方拍照超出片,,,,,,,xiaohongshu_static,,,,,,,,绍兴这5个地方拍照超出片,,,,1
,,,,,,,,,小众景点,,,,,,,,attraction_review,1,,,,,不要再只去鲁迅故里了！羊山石佛知道的人很少、印山越国王陵超震撼、东浦黄酒小镇免费又好逛、宛委山樱花季美哭了。,,,,,xiaohongshu,,{'xiaohongshu': 1},,6800,xhs_static:绍兴本地人才知道的宝藏景点,,,,,,,xiaohongshu_static,,,,,,,,绍兴本地人才知道的宝藏景点,,,,1
,,,,,,,,,亲子游,,,,,,,,attraction_review,1,,,,,D1上午鲁迅故里(三味书屋体验私塾课)→中午咸亨酒店→下午科技馆 D2柯岩坐船看鲁镇社戏→乔波冰雪世界。全程不赶路。,,,,,xiaohongshu,,{'xiaohongshu': 1},,2500,xhs_static:带娃游绍兴不累的行程安排,,,,,,,xiaohongshu_static,,,,,,,,带娃游绍兴不累的行程安排,,,,1
,,,,,,,,,避雷指南,,,,,,,,attraction_review,1,,,,,兰亭值得去但离市区远预留半天。柯岩联票115元划算但要走很多路穿舒服的鞋。安昌古镇不要周末去人挤人。东湖乌篷船85元略贵但值得体验一次。,,,,,xiaohongshu,,{'xiaohongshu': 1},,7300,xhs_static:绍兴各景点真实体验避雷指南,,,,,,,xiaohongshu_static,,,,,,,,绍兴各景点真实体验避雷指南,,,,1
,,,,,,,,,旅游攻略,,,,,,,,attraction_review,1,,,,,9-10月是绍兴最好季节！大香林桂花满山飘香，鉴湖桂花节，会稽山红叶。天姥山秋色不输京都。配一碗黄酒暖暖的太舒服了。,,,,,xiaohongshu,,{'xiaohongshu': 1},,4100,xhs_static:绍兴秋天最美路线,,,,,,,xiaohongshu_static,,,,,,,,绍兴秋天最美路线,,,,1
,,,,,,,,,旅游攻略,,,,,,,,attraction_review,1,,,,,书法爱好者必走路线：兰亭(朝圣)→书圣故里(王羲之)→青藤书屋(徐渭)→绍兴博物馆。每个地方都能让你感受到绍兴深厚的文化底蕴。,,,,,xiaohongshu,,{'xiaohongshu': 1},,5500,xhs_static:绍兴3天2夜深度文化游,,,,,,,xiaohongshu_static,,,,,,,,绍兴3天2夜深度文化游,,,,1
,,,,,,,,,旅游攻略,,,,,,,,attraction_review,1,,,,,8:30鲁迅故里→10:00沈园→12:00寻宝记午餐→14:00书圣故里→16:00仓桥直街→18:00东湖夜游(如果有的话)→20:00绘璟轩黄酒奶茶收尾。一天刷完！,,,,,xiaohongshu,,{'xiaohongshu': 1},,2800,xhs_static:绍兴周末特种兵一日游,,,,,,,xiaohongshu_static,,,,,,,,绍兴周末特种兵一日游,,,,1
,,,,,,,,,旅游攻略,,,,,,,,attraction_review,1,,,,,安昌腊月风情节必去！整条街挂满腊肠酱鸭年味超浓。然后去嵊州泡温泉。回来路上带点安昌腊肠和仁昌酱油做伴手礼。,,,,,xiaohongshu,,{'xiaohongshu': 1},,3200,xhs_static:绍兴冬天怎么玩,,,,,,,xiaohongshu_static,,,,,,,,绍兴冬天怎么玩,,,,1
,,,,,,,,,旅游攻略,,,,,,,,attraction_review,1,,,,,鲁迅故里(免票)、书圣故里(免费)、仓桥直街(免费)、八字桥(免费)、府山公园(免费)、城市广场(免费)、环城河步道(免费)。省钱党必收藏！,,,,,xiaohongshu,,{'xiaohongshu': 1},,6700,xhs_static:绍兴免费景点合集,,,,,,,xiaohongshu_static,,,,,,,,绍兴免费景点合集,,,,1
,,,,,,,,,旅游攻略,,,,,,,,attraction_review,1,,,,,新昌大佛寺江南第一大佛很震撼。穿岩十九峰玻璃栈道刺激。嵊州一定要吃豆腐包和炒年糕。崇仁古镇比安昌更原生态。,,,,,xiaohongshu,,{'xiaohongshu': 1},,2400,xhs_static:绍兴周边游之新昌嵊州篇,,,,,,,xiaohongshu_static,,,,,,,,绍兴周边游之新昌嵊州篇,,,,1
,,,,,,,,,旅游攻略,,,,,,,,attraction_review,1,,,,,越城区鲁迅故里附近最方便200-500元。仓桥直街附近有民宿推开窗就是水乡。柯桥区性价比高100-300元。安昌古镇有客栈可以体验水乡夜晚。,,,,,xiaohongshu,,{'xiaohongshu': 1},,2200,xhs_static:绍兴旅游住宿推荐,,,,,,,xiaohongshu_static,,,,,,,,绍兴旅游住宿推荐,,,,1
,,,,,,,,,实用信息,,,,,,,,attraction_review,1,,,,,免费:鲁迅故里、书圣故里、仓桥直街、八字桥、安昌古镇(大门票)。收费:柯岩115元、兰亭70元、东湖50元(乌篷船85元另购)、沈园40元(夜游80元)、大禹陵50元。,,,,,xiaohongshu,,{'xiaohongshu': 1},,5100,xhs_static:绍兴各景点门票汇总,,,,,,,xiaohongshu_static,,,,,,,,绍兴各景点门票汇总,,,,1
,,,,,,,,,实用信息,,,,,,,,attraction_review,1,,,,,春天(3-4月):樱花桃花油菜花季。秋天(9-10月):桂花季红叶季。冬天(12-1月):安昌腊月风情节。夏天太热建议安排室内景点+水上乐园。,,,,,xiaohongshu,,{'xiaohongshu': 1},,3600,xhs_static:绍兴最佳旅游季节,,,,,,,xiaohongshu_static,,,,,,,,绍兴最佳旅游季节,,,,1
,,,,,,,,,景点推荐,,,,,,,,attraction_review,1,,,,,,,,,,zhihu,,{'zhihu': 1},,,zhihu_static:绍兴有哪些值得去的景点？,,,,,,,zhihu_static,作为一个绍兴本地人推荐：鲁迅故里(必去)、沈园(陆游唐婉)、东湖(乌篷船)、兰亭(书法圣地)、柯岩鉴湖鲁镇。如果时间充裕可以加上安昌古镇和新昌大佛寺。,,,1200,,,,绍兴有哪些值得去的景点？,,,,2
,,,,,,,,,行程规划,,,,,,,,attraction_review,1,,,,,,,,,,zhihu,,{'zhihu': 1},,,zhihu_static:绍兴2-3天自由行怎么安排？,,,,,,,zhihu_static,D1:鲁迅故里+沈园+书圣故里+仓桥直街。D2:柯岩鉴湖鲁镇(一整天)。D3:东湖乌篷船+兰亭。住宿选越城区200-400元。吃饭推荐咸亨酒店、寻宝记、同心楼。,,,890,,,,绍兴2-3天自由行怎么安排？,,,,2
,,,,,,,,,美食推荐,,,,,,,,attraction_review,1,,,,,,,,,,zhihu,,{'zhihu': 1},,,zhihu_static:绍兴有什么必吃的美食？,,,,,,,zhihu_static,绍兴菜是中国八大菜系浙菜的重要分支。必吃:梅干菜扣肉、清汤越鸡、绍兴三臭(臭豆腐霉苋菜梗霉千张)、茴香豆配黄酒。老字号:咸亨酒店、同心楼、荣禄春。,,,2300,,,,绍兴有什么必吃的美食？,,,,2
,,,,,,,,,对比分析,,,,,,,,attraction_review,1,,,,,,,,,,zhihu,,{'zhihu': 1},,,zhihu_static:绍兴和杭州哪个更值得去？,,,,,,,zhihu_static,两个城市风格不同。杭州大气绍兴精致。绍兴更原生态更有烟火气，安昌古镇比乌镇西塘更真实。喜欢历史文化的推荐绍兴，喜欢自然风光的推荐杭州。,,,560,,,,绍兴和杭州哪个更值得去？,,,,2
,,,,,,,,,小众推荐,,,,,,,,attraction_review,1,,,,,,,,,,zhihu,,{'zhihu': 1},,,zhihu_static:绍兴周边有什么小众好玩的地方？,,,,,,,zhihu_static,推荐新昌穿岩十九峰(丹霞地貌+玻璃栈道)、嵊州崇仁古镇(原生态越剧故乡)、诸暨五泄(东南第一秀水)、上虞覆卮山(千年梯田)。这些地方游客少体验好。,,,780,,,,绍兴周边有什么小众好玩的地方？,,,,2
,,,,,,,,,实用信息,,,,,,,,attraction_review,1,,,,,,,,,,zhihu,,{'zhihu': 1},,,zhihu_static:绍兴哪些景点是免费的？,,,,,,,zhihu_static,免费景点:鲁迅故里(需身份证领票)、书圣故里、仓桥直街、八字桥、安昌古镇(大门票)、府山公园。收费但值得:柯岩115、兰亭70、东湖50、沈园40。,,,1500,,,,绍兴哪些景点是免费的？,,,,2
,,,,,,,,,亲子家庭,,,,,,,,attraction_review,1,,,,,,,,,,zhihu,,{'zhihu': 1},,,zhihu_static:带父母去绍兴怎么玩？,,,,,,,zhihu_static,父母喜欢历史文化:鲁迅故里+沈园+兰亭+书圣故里。节奏要慢，每天2-3个景点。吃饭选绍兴饭店或咸亨酒店环境好。住宿选越城区方便。,,,420,,,,带父母去绍兴怎么玩？,,,,2
,,,,,,,,,文化体验,,,,,,,,attraction_review,1,,,,,,,,,,zhihu,,{'zhihu': 1},,,zhihu_static:绍兴的黄酒文化体验推荐,,,,,,,zhihu_static,黄酒博物馆(了解酿造工艺+品酒)+古越龙山体验馆(定制花雕酒坛)+安昌仁昌酱园(看酱油晒制)。一定要尝尝黄酒奶茶和黄酒棒冰。,,,650,,,,绍兴的黄酒文化体验推荐,,,,2
,,,,,,,,,避雷指南,,,,,,,,attraction_review,1,,,,,,,,,,zhihu,,{'zhihu': 1},,,zhihu_static:,,,,,,,zhihu_static,避坑1:兰亭离市区远预留半天。2:东湖乌篷船85元略贵但体验一次值得。3:安昌古镇周末人超多建议工作日。4:柯岩景区很大穿运动鞋。5:夏天绍兴很热做好防晒。,,,3200,,,,绍兴旅游避坑指南,,,,2
,,,,,,,,,文化解读,,,,,,,,attraction_review,1,,,,,,,,,,zhihu,,{'zhihu': 1},,,zhihu_static:为什么说绍兴是中国最有文化的城市之一,,,,,,,zhihu_static,绍兴出了王羲之、陆游、徐渭、鲁迅、蔡元培、秋瑾、周恩来等名人。2500年建城史从未改变城址。书法、黄酒、越剧、师爷文化都源于此。是一座被低估的文化名城。,,,4100,,,,为什么说绍兴是中国最有文化的城市之一,,,,2
,,,,2-3小时,,鲁迅故里,鲁迅故里,,,,,,,,,鲁迅祖居→三味书屋→百草园→鲁迅纪念馆→鲁迅笔下风情园,attraction_review,,,,,,,,,,,comprehensive,,,,,comprehensive:review:鲁迅故里,春秋季（3-5月、9-11月）,,,建议上午8:30开门时到达，避开10点后的旅行团高峰,,,comprehensive,,,景点0001,,,,,,,,免费不免票，需凭身份证领票；三味书屋有'早'字课桌；百草园免费开放,2
,,,,1.5-2小时,,沈园,沈园,,,,,,,,,断云石→诗境石→孤鹤轩→钗头凤碑→葫芦池→六朝井亭,attraction_review,,,,,,,,,,,comprehensive,,,,,comprehensive:review:沈园,春秋季，4月樱花季最佳,,,下午3点后入园，白天赏园+傍晚看《沈园之夜》演出,,,comprehensive,,,景点0002,,,,,,,,夜游演出需另购票；钗头凤碑前可挂同心锁,2
,,,,2-3小时,,东湖,东湖,,,,,,,,,入口码头→陶公洞(船)→仙桃洞(船)→听湫亭→霞川桥→绕门山,attraction_review,,,,,,,,,,,comprehensive,,,,,comprehensive:review:东湖,春夏（荷花6-7月盛开）、秋季,,,必乘乌篷船！坐船进（领略水洞奇观）、步行出（欣赏全景）,,,comprehensive,,,景点0003,,,,,,,,乌篷船票85元另购；节假日排队1小时起；陶公洞内温差约10℃为天然避暑地,2
,,,,2-3小时,,兰亭景区,兰亭景区,,,,,,,,,鹅池碑→流觞亭→御碑亭→王右军祠→临池十八缸→书法博物馆,attraction_review,,,,,,,,,,,comprehensive,,,,,comprehensive:review:兰亭景区,春季（3-4月书法节）、秋季,,,春天最佳，竹林新绿、曲水流觞活动丰富,,,comprehensive,,,景点0004,,,,,,,,农历三月初三兰亭书法节最为热闹；可体验曲水流觞；出口处可购文房四宝,2
,,,,3-4小时,,绍兴柯岩风景区,绍兴柯岩风景区,,,,,,,,,柯岩入口→大佛→云骨→鉴湖码头→葫芦醉岛→鲁镇→社戏演出,attraction_review,,,,,,,,,,,comprehensive,,,,,comprehensive:review:绍兴柯岩风景区,春秋（鉴湖桂花9-10月飘香）,,,景区较大建议安排半天，柯岩看石、鉴湖坐船、鲁镇看演出,,,comprehensive,,,景点0005,,,,,,,,联票含三景区和画舫；鲁镇有社戏表演；鉴湖古纤道不可错过,2
,,,,2-3小时,,安昌古镇,安昌古镇,,,,,,,,,古镇入口→仁昌酱园→老街→福安居茶馆→师爷馆→穗康钱庄,attraction_review,,,,,,,,,,,comprehensive,,,,,comprehensive:review:安昌古镇,冬季（腊月风情节）、秋季,,,腊月最佳！腊味挂满屋檐，年味最浓。平时周末去也很悠闲,,,comprehensive,,,景点0006,,,,,,,,扯白糖现场制作可观看；腊肠/酱鸭是必买特产；无需大门票,2
,,,,2-3小时,,大禹陵,大禹陵,,,,,,,,,大禹陵碑→禹庙→禹祠→大禹铜像→登山步道,attraction_review,,,,,,,,,,,comprehensive,,,,,comprehensive:review:大禹陵,春秋季,,,清明前后最为隆重，可观摩祭禹大典,,,comprehensive,,,景点0007,,,,,,,,清明当天有公祭大典，人流量极大需提前到达,2
,,,,1-2小时,,书圣故里,书圣故里,,,,,,,,,题扇桥→躲婆弄→戒珠寺→蕺山街→笔飞弄→王羲之陈列馆,attraction_review,,,,,,,,,,,comprehensive,,,,,comprehensive:review:书圣故里,四季皆宜,,,适合慢慢逛，感受老绍兴的烟火气,,,comprehensive,,,景点0011,,,,,,,,免费开放全天可逛；蕺山街老茶馆值得坐坐,2
,,,,1-2小时,,仓桥直街,仓桥直街,,,,,,,,,城市广场入口→仓桥直街主街→寻宝记→河边茶馆,attraction_review,,,,,,,,,,,comprehensive,,,,,comprehensive:review:仓桥直街,四季皆宜,,,傍晚时分最美，落日余晖洒在河面上,,,comprehensive,,,景点0012,,,,,,,,寻宝记常年排队建议提前拿号；夜市红灯笼氛围好,2
,,,,30分钟-1小时,,八字桥,八字桥,,,,,,,,,八字桥→广宁桥→龙华寺（可步行串联）,attraction_review,,,,,,,,,,,comprehensive,,,,,comprehensive:review:八字桥,四季皆宜,,,小而精的景点，适合路过打卡,,,comprehensive,,,景点0017,,,,,,,,免费景点，适合拍照；周边有老居民区可感受市井生活,2
,,,,1-2小时,,绍兴博物馆,绍兴博物馆,,,,,,,,,越国史展厅→会稽铜镜厅→越窑青瓷厅→名人书画厅→临时展厅,attraction_review,,,,,,,,,,,comprehensive,,,,,comprehensive:review:绍兴博物馆,四季皆宜,,,了解绍兴历史文化的第一站,,,comprehensive,,,展馆0101,,,,,,,,周一闭馆注意避开；免费不免票需凭身份证,2
,,,,1-1.5小时,,中国黄酒博物馆,中国黄酒博物馆,,,,,,,,,黄酒历史厅→酿造工艺厅→品酒体验区→文创商店,attraction_review,,,,,,,,,,,comprehensive,,,,,comprehensive:review:中国黄酒博物馆,四季皆宜,,,可品酒购酒，了解黄酒文化,,,comprehensive,,,展馆0102,,,,,,,,可购买各种年份黄酒；黄酒棒冰、黄酒奶茶值得一试,2
,,,,30分钟-1小时,,秋瑾故居,秋瑾故居,,,,,,,,,门厅→秋瑾事迹展厅→书房→卧室→后花园,attraction_review,,,,,,,,,,,comprehensive,,,,,comprehensive:review:秋瑾故居,四季皆宜,,,了解秋瑾生平和辛亥革命历史,,,comprehensive,,,景点0018,,,,,,,,免费景点；与鲁迅故里步行可达,2
,,,,30分钟-1小时,,周恩来祖居,周恩来祖居,,,,,,,,,门厅→祖居正厅→周恩来史料展→后花园,attraction_review,,,,,,,,,,,comprehensive,,,,,comprehensive:review:周恩来祖居,四季皆宜,,,与书圣故里、蔡元培故居可串联游览,,,comprehensive,,,景点0019,,,,,,,,免费游览,2
,,,,30分钟-1小时,,蔡元培故居,蔡元培故居,,,,,,,,,门厅→蔡元培生平展厅→书房→庭院,attraction_review,,,,,,,,,,,comprehensive,,,,,comprehensive:review:蔡元培故居,四季皆宜,,,与书圣故里步行5分钟可达,,,comprehensive,,,景点0020,,,,,,,,免费景点,2
,,,,30分钟,,青藤书屋,青藤书屋,,,,,,,,,青藤→天池→书房→徐渭艺术馆,attraction_review,,,,,,,,,,,comprehensive,,,,,comprehensive:review:青藤书屋,四季皆宜,,,文人墨客必访,,,comprehensive,,,景点0021,,,,,,,,免费景点；附近有徐渭艺术馆可一并游览,2
,,,,1-1.5小时,,鲁迅外婆家,鲁迅外婆家,,,,,,,,,朝北台门→包公殿→社戏台→安桥头村,attraction_review,,,,,,,,,,,comprehensive,,,,,comprehensive:review:鲁迅外婆家,春秋季,,,了解鲁迅童年生活的最佳去处,,,comprehensive,,,景点0022,,,,,,,,位置较偏建议自驾；免费参观,2
,,,,2.5-3小时,,新昌大佛寺,新昌大佛寺,,,,,,,,,大佛殿→千佛院→卧佛殿→般若谷→佛心广场,attraction_review,,,,,,,,,,,comprehensive,,,,,comprehensive:review:新昌大佛寺,四季皆宜,,,早上光线好适合拍摄大佛,,,comprehensive,,,景点0008,,,,,,,,景区面积较大建议穿舒适的鞋,2
,,,,4-5小时,,穿岩十九峰,穿岩十九峰,,,,,,,,,景区入口→十九峰→千丈幽谷→玻璃栈道→飞龙栈道,attraction_review,,,,,,,,,,,comprehensive,,,,,comprehensive:review:穿岩十九峰,春秋季（3-5月、10-11月）,,,体力要求较高，准备好登山装备,,,comprehensive,,,景点0010,,,,,,,,玻璃栈道需另购票；建议自带水和干粮,2
,,,,3-5小时,,天姥山,天姥山,,,,,,,,,斑竹村→天姥寺遗址→天姥山主峰,attraction_review,,,,,,,,,,,comprehensive,,,,,comprehensive:review:天姥山,春秋季，云雾多的日子,,,登山爱好者必去，云雾天气最佳,,,comprehensive,,,景点0015,,,,,,,,免费但路况一般建议自驾,2
,,,,4-5小时,,五泄风景区,五泄风景区,,,,,,,,,五泄湖→第五泄→第四泄→第三泄→第二泄→第一泄→西源峡谷,attraction_review,,,,,,,,,,,comprehensive,,,,,comprehensive:review:五泄风景区,夏季水量大，秋色美,,,雨天过后瀑布水量最大最壮观,,,comprehensive,,,景点0009,,,,,,,,景区较大需一天时间；可乘船游览五泄湖,2
,,,,1.5-2小时,,西施故里,西施故里,,,,,,,,,西施殿→中国历代名媛馆→范蠡祠→郑氏宗祠→浣纱石,attraction_review,,,,,,,,,,,comprehensive,,,,,comprehensive:review:西施故里,春秋季,,,了解西施文化和越国历史,,,comprehensive,,,景点0013,,,,,,,,夜游项目《遇见西施》值得体验,2
,,,,3-5小时,,覆卮山,覆卮山,,,,,,,,,东澄古村→千年梯田→冰川石浪→覆卮山顶,attraction_review,,,,,,,,,,,comprehensive,,,,,comprehensive:review:覆卮山,春季（3-4月油菜花）、秋季,,,春季油菜花季最壮观,,,comprehensive,,,景点0014,,,,,,,,免费景区；适合自驾；油菜花季人流量大,2
,,,,30分钟-1小时,,曹娥庙,曹娥庙,,,,,,,,,山门→正殿→曹娥碑→碑廊,attraction_review,,,,,,,,,,,comprehensive,,,,,comprehensive:review:曹娥庙,四季皆宜,,,了解中国传统孝文化,,,comprehensive,,,景点0016,,,,,,,,免费；与中华孝德园可串联游览,2
,,,,1.5-2小时,,中华孝德园,中华孝德园,,,,,,,,,大舜庙→孝德文化展示馆→虞舜宗祠→文化广场,attraction_review,,,,,,,,,,,comprehensive,,,,,comprehensive:review:中华孝德园,四季皆宜,,,适合亲子游，了解孝文化,,,comprehensive,,,景点0023,,,,,,,,免费景区,2
,,,,3-4小时,,百丈飞瀑,百丈飞瀑,,,,,,,,,入口→第一瀑→百丈主瀑→龙潭→峡谷步道,attraction_review,,,,,,,,,,,comprehensive,,,,,comprehensive:review:百丈飞瀑,夏季（水量大、凉爽）,,,雨季过后水量最大；夏季避暑佳地,,,comprehensive,,,景点0024,,,,,,,,雨后路滑注意安全,2
,,,,1.5-2小时,,崇仁古镇,崇仁古镇,,,,,,,,,古镇入口→玉山公祠→越剧戏台→老街→台门建筑群,attraction_review,,,,,,,,,,,comprehensive,,,,,comprehensive:review:崇仁古镇,四季皆宜,,,越剧爱好者必访,,,comprehensive,,,景点0025,,,,,,,,免费；越剧戏台不定期有演出,2
,,,,3-4小时,,会稽山兜率天景区,会稽山兜率天景区,,,,,,,,,龙华寺→兜率天宫→会稽山观景台,attraction_review,,,,,,,,,,,comprehensive,,,,,comprehensive:review:会稽山兜率天景区,春秋季,,,登顶可俯瞰绍兴全城,,,comprehensive,,,景点0026,,,,,,,,景区面积较大建议坐景区车,2
,,,,2-3小时,,大香林,大香林,,,,,,,,,入口→古桂群→桂花王→月老祠→竹海步道,attraction_review,,,,,,,,,,,comprehensive,,,,,comprehensive:review:大香林,秋季（9-10月桂花季）,,,金秋十月桂花季最佳,,,comprehensive,,,景点0027,,,,,,,,桂花季人流量大；可买桂花糕等时令特产,2
,,,,2-3小时,,乔波冰雪世界,乔波冰雪世界,,,,,,,,,换装备→初级道练习→中级道挑战→戏雪区,attraction_review,,,,,,,,,,,comprehensive,,,,,comprehensive:review:乔波冰雪世界,四季皆宜，夏季最佳,,,夏季避暑+滑雪新体验,,,comprehensive,,,景点0028,,,,,,,,需另租滑雪装备；建议提前网上购票,2
,,,,1-1.5小时,,越王台,越王台,,,,,,,,,府山公园入口→越王台→越王殿→飞翼楼,attraction_review,,,,,,,,,,,comprehensive,,,,,comprehensive:review:越王台,春秋季,,,登顶俯瞰绍兴古城,,,comprehensive,,,景点0029,,,,,,,,免费；府山公园内还有飞翼楼和唐宋摩崖石刻,2
,,,,1-2小时,,古纤道,古纤道,,,,,,,,,柯岩码头→古纤道→太平桥→鉴湖,attraction_review,,,,,,,,,,,comprehensive,,,,,comprehensive:review:古纤道,春秋季,,,乘乌篷船游鉴湖时从水上观赏最佳,,,comprehensive,,,景点0030,,,,,,,,免费开放；乘船观赏是最佳角度,2
,,,,2-3小时,,宛委山,宛委山,,,,,,,,,山门→樱花林→宛委山房→阳明洞天→山顶,attraction_review,,,,,,,,,,,comprehensive,,,,,comprehensive:review:宛委山,春季（3月樱花季）,,,3月中下旬樱花季最美,,,comprehensive,,,景点0031,,,,,,,,樱花季人流量大建议工作日去,2
,,,,2-3小时,,吼山,吼山,,,,,,,,,山门→桃花林→摩崖石刻→棋盘石→山顶,attraction_review,,,,,,,,,,,comprehensive,,,,,comprehensive:review:吼山,春季（3-4月桃花季）,,,3-4月桃花季最佳,,,comprehensive,,,景点0032,,,,,,,,桃花节期间有民俗表演,2
,,,,2-3小时,,镜湖国家湿地公园,镜湖国家湿地公园,,,,,,,,,镜湖广场→环湖绿道→湿地观鸟区→贺知章纪念馆,attraction_review,,,,,,,,,,,comprehensive,,,,,comprehensive:review:镜湖国家湿地公园,春秋季,,,春秋季最美，适合骑行和野餐,,,comprehensive,,,景点0033,,,,,,,,免费开放；可租自行车环湖,2
,,,,1-2小时,,府山公园,府山公园,,,,,,,,,公园入口→越王台→越王殿→飞翼楼→唐宋石刻→山顶,attraction_review,,,,,,,,,,,comprehensive,,,,,comprehensive:review:府山公园,四季皆宜,,,清晨或傍晚登山最舒适,,,comprehensive,,,景点0034,,,,,,,,免费；山顶观景台可拍古城全景,2
,,,,1-2小时,,迎恩门水街,迎恩门水街,,,,,,,,,迎恩门→水街→沿河茶馆→夜市,attraction_review,,,,,,,,,,,comprehensive,,,,,comprehensive:review:迎恩门水街,四季皆宜,,,傍晚来逛最舒服,,,comprehensive,,,景点0035,,,,,,,,免费；晚上灯光漂亮适合拍照,2
,,,,30分钟-1小时,,塔山公园,塔山公园,,,,,,,,,山门→应天塔→山顶平台,attraction_review,,,,,,,,,,,comprehensive,,,,,comprehensive:review:塔山公园,四季皆宜,,,登塔看古城全貌,,,comprehensive,,,景点0036,,,,,,,,免费,2
,,,,30分钟-1小时,,蕺山公园,蕺山公园,,,,,,,,,书圣故里→蕺山入口→文笔塔→山顶,attraction_review,,,,,,,,,,,comprehensive,,,,,comprehensive:review:蕺山公园,四季皆宜,,,从书圣故里逛完后登山,,,comprehensive,,,景点0037,,,,,,,,免费；清晨登山最好,2
,,,,2-3小时,,若耶溪,若耶溪,,,,,,,,,平水镇→若耶溪→铸剑遗址→云门寺,attraction_review,,,,,,,,,,,comprehensive,,,,,comprehensive:review:若耶溪,春秋季,,,自驾沿溪游览最佳,,,comprehensive,,,景点0038,,,,,,,,免费；适合自驾,2
,,,,1小时,,羊山石佛,羊山石佛,,,,,,,,,山门→石佛殿→摩崖石刻,attraction_review,,,,,,,,,,,comprehensive,,,,,comprehensive:review:羊山石佛,四季皆宜,,,了解越中石佛文化,,,comprehensive,,,景点0039,,,,,,,,较冷门景点，游客少,2
,,,,1-1.5小时,,印山越国王陵,印山越国王陵,,,,,,,,,入口→王陵遗址→出土文物展厅,attraction_review,,,,,,,,,,,comprehensive,,,,,comprehensive:review:印山越国王陵,四季皆宜,,,了解越国历史和考古发现,,,comprehensive,,,景点0040,,,,,,,,人少安静适合慢慢看,2
,,,,1.5-2小时,,东浦古镇（黄酒小镇）,东浦古镇（黄酒小镇）,,,,,,,,,古镇入口→古酒坊→老桥→老街→酒文化馆,attraction_review,,,,,,,,,,,comprehensive,,,,,comprehensive:review:东浦古镇（黄酒小镇）,春秋季,,,品黄酒逛古镇,,,comprehensive,,,景点0041,,,,,,,,免费；可参观古法酿酒,2
,,,,1-1.5小时,,诸暨千柱屋,诸暨千柱屋,,,,,,,,,大门→正厅→院落群→后花园,attraction_review,,,,,,,,,,,comprehensive,,,,,comprehensive:review:诸暨千柱屋,四季皆宜,,,欣赏清代民居建筑艺术,,,comprehensive,,,景点0042,,,,,,,,位置较偏建议自驾,2
,,,,2-3小时,,嵊州越剧小镇,嵊州越剧小镇,,,,,,,,,越剧博物馆→古戏台→越剧工坊→演出厅,attraction_review,,,,,,,,,,,comprehensive,,,,,comprehensive:review:嵊州越剧小镇,四季皆宜,,,越剧爱好者必访,,,comprehensive,,,景点0043,,,,,,,,演出需另购票；周末有常规演出,2
,,,,2-4小时,,嵊州温泉城,嵊州温泉城,,,,,,,,,更衣→室内温泉→户外泡池→桑拿→休息区,attraction_review,,,,,,,,,,,comprehensive,,,,,comprehensive:review:嵊州温泉城,冬季,,,冬季最佳，泡温泉+逛古镇,,,comprehensive,,,景点0044,,,,,,,,建议提前网上购票；自带泳衣,2
,,,,2-3小时,,斯宅古村,斯宅古村,,,,,,,,,斯宅村口→千柱屋→发祥居→新屋台门,attraction_review,,,,,,,,,,,comprehensive,,,,,comprehensive:review:斯宅古村,春秋季,,,适合自驾深度游,,,comprehensive,,,景点0045,,,,,,,,免费；位置偏远建议自驾,2
,,,,2-3小时,,绍兴科技馆,绍兴科技馆,,,,,,,,,一楼基础科学→二楼信息科技→三楼生命科学→4D影院,attraction_review,,,,,,,,,,,comprehensive,,,,,comprehensive:review:绍兴科技馆,四季皆宜,,,亲子游好去处，寓教于乐,,,comprehensive,,,展馆0103,,,,,,,,免费不免票需预约；周一闭馆,2
,,,,1-2小时,,绍兴非遗馆,绍兴非遗馆,,,,,,,,,非遗综述厅→传统技艺厅→传统美术厅→民俗厅→体验区,attraction_review,,,,,,,,,,,comprehensive,,,,,comprehensive:review:绍兴非遗馆,四季皆宜,,,了解绍兴非遗文化的最佳去处,,,comprehensive,,,景点0046,,,,,,,,免费；周一闭馆,2
,,,,30分钟,,绍兴城市广场,绍兴城市广场,,,,,,,,,大善塔→音乐喷泉→步行至仓桥直街,attraction_review,,,,,,,,,,,comprehensive,,,,,comprehensive:review:绍兴城市广场,四季皆宜，晚上最佳,,,晚上音乐喷泉值得一看,,,comprehensive,,,景点0047,,,,,,,,免费；毗邻仓桥直街可串联游览,2
,,,,1-2小时,,迪荡湖公园,迪荡湖公园,,,,,,,,,环湖步道→湖心岛→咖啡馆,attraction_review,,,,,,,,,,,comprehensive,,,,,comprehensive:review:迪荡湖公园,四季皆宜,,,适合晨跑和傍晚散步,,,comprehensive,,,景点0048,,,,,,,,免费；毗邻迪荡商圈,2
,,,,1小时,,会稽山阳明洞天,会稽山阳明洞天,,,,,,,,,宛委山入口→阳明洞天→阳明草堂,attraction_review,,,,,,,,,,,comprehensive,,,,,comprehensive:review:会稽山阳明洞天,春秋季,,,心学爱好者朝圣之地,,,comprehensive,,,景点0049,,,,,,,,与宛委山樱花可串联游览,2
,,,,1小时,,越王城遗址,越王城遗址,,,,,,,,,遗址入口→越王宫殿遗址→文物陈列馆,attraction_review,,,,,,,,,,,comprehensive,,,,,comprehensive:review:越王城遗址,四季皆宜,,,历史考古爱好者必访,,,comprehensive,,,景点0050,,,,,,,,免费；与府山公园串联游览,2
,,,,30分钟,,绍兴名人广场,绍兴名人广场,,,,,,,,,大禹像→勾践像→王羲之像→陆游像→鲁迅像,attraction_review,,,,,,,,,,,comprehensive,,,,,comprehensive:review:绍兴名人广场,四季皆宜,,,了解绍兴名人文化的快速入门,,,comprehensive,,,景点0051,,,,,,,,免费；与城市广场、仓桥直街串联,2
,,,,1-2小时,,绍兴环城河,绍兴环城河,,,,,,,,,任意入口→沿河步道→古桥打卡,attraction_review,,,,,,,,,,,comprehensive,,,,,comprehensive:review:绍兴环城河,傍晚和夜间,,,傍晚沿河散步最佳,,,comprehensive,,,景点0052,,,,,,,,免费；可租自行车骑行,2
,,,,30分钟,,稽山公园,稽山公园,,,,,,,,,公园入口→中心湖→假山→亭台,attraction_review,,,,,,,,,,,comprehensive,,,,,comprehensive:review:稽山公园,四季皆宜,,,适合短暂休憩,,,comprehensive,,,景点0053,,,,,,,,免费；适合短暂休息,2
,,,,1小时,,绍兴市美术馆,绍兴市美术馆,,,,,,,,,一楼临展厅→二楼常设展厅,attraction_review,,,,,,,,,,,comprehensive,,,,,comprehensive:review:绍兴市美术馆,四季皆宜,,,书画爱好者可关注特展信息,,,comprehensive,,,展馆0104,,,,,,,,免费；周一闭馆,2
,,,,2-3小时(含演出),,绍兴大剧院,绍兴大剧院,,,,,,,,,大厅→观众席,attraction_review,,,,,,,,,,,comprehensive,,,,,comprehensive:review:绍兴大剧院,按演出排期,,,可关注越剧演出排期,,,comprehensive,,,展馆0105,,,,,,,,需提前购票,2
,,,,2-3小时,,上虞曹娥江,上虞曹娥江,,,,,,,,,曹娥庙→曹娥江畔→中华孝德园,attraction_review,,,,,,,,,,,comprehensive,,,,,comprehensive:review:上虞曹娥江,春秋季,,,春天江边散步最舒适,,,comprehensive,,,景点0054,,,,,,,,免费；与曹娥庙串联游览,2
,,,,3-4小时,,新昌天烛仙境,新昌天烛仙境,,,,,,,,,入口→天烛湖→天烛峰→登山步道,attraction_review,,,,,,,,,,,comprehensive,,,,,comprehensive:review:新昌天烛仙境,夏秋季,,,夏季避暑最佳,,,comprehensive,,,景点0055,,,,,,,,景区较新设施完善,2
,,,,2-3小时,,诸暨白塔湖,诸暨白塔湖,,,,,,,,,码头→游船环湖→登岛→返回,attraction_review,,,,,,,,,,,comprehensive,,,,,comprehensive:review:诸暨白塔湖,秋季,,,秋季芦花季最美,,,comprehensive,,,景点0056,,,,,,,,游船需另购票,2
,,,,2-3小时,,嵊州剡溪,嵊州剡溪,,,,,,,,,剡溪大桥→沿溪公路→剡溪风光带,attraction_review,,,,,,,,,,,comprehensive,,,,,comprehensive:review:嵊州剡溪,春秋季,,,唐诗之路爱好者必访,,,comprehensive,,,景点0057,,,,,,,,免费；自驾最佳,2
,,,,1-2小时,,绍兴柯桥古镇,绍兴柯桥古镇,,,,,,,,,柯桥古桥→老街→运河畔,attraction_review,,,,,,,,,,,comprehensive,,,,,comprehensive:review:绍兴柯桥古镇,四季皆宜,,,适合悠闲逛街,,,comprehensive,,,景点0058,,,,,,,,免费；有咖啡馆和文创店,2
,,,,1小时,,上虞祝家庄,上虞祝家庄,,,,,,,,,祝府大门→英台楼→梁祝文化展厅,attraction_review,,,,,,,,,,,comprehensive,,,,,comprehensive:review:上虞祝家庄,春秋季,,,梁祝爱好者朝圣之地,,,comprehensive,,,景点0059,,,,,,,,有梁祝文化展览,2
,,,,2-3小时,,诸暨东白湖,诸暨白塔湖,,,,,,,,,东白湖大坝→环湖公路→斯宅古村,attraction_review,,,,,,,,,,,comprehensive,,,,,comprehensive:review:诸暨东白湖,春秋季,,,自驾环湖+访古村,,,comprehensive,,,景点0056,,,,,,,,免费；建议自驾,2
,,,,1-2小时,,绍兴儿童公园,绍兴儿童公园,,,,,,,,,入口→游乐区→摩天轮,attraction_review,,,,,,,,,,,comprehensive,,,,,comprehensive:review:绍兴儿童公园,四季皆宜,,,适合亲子游,,,comprehensive,,,景点0060,,,,,,,,游乐项目另收费,2
,,,,3-4小时,,绍兴镜湖乐园,绍兴镜湖乐园,,,,,,,,,入口→造浪池→水上滑梯→漂流河→儿童区,attraction_review,,,,,,,,,,,comprehensive,,,,,comprehensive:review:绍兴镜湖乐园,夏季(6-8月),,,夏季消暑最佳选择,,,comprehensive,,,景点0061,,,,,,,,需自带泳衣；夏季周末人多,2
,,,,3-4小时,,绍兴东方山水乐园,绍兴东方山水乐园,,,,,,,,,入口→4D影院→互动区→纪念品店,attraction_review,,,,,,,,,,,comprehensive,,,,,comprehensive:review:绍兴东方山水乐园,四季皆宜,,,适合亲子+雨天,,,comprehensive,,,景点0062,,,,,,,,建议网上提前购票有优惠,2
,,,,1小时,,新昌重阳宫,新昌重阳宫,,,,,,,,,山门→灵官殿→三清殿→后殿,attraction_review,,,,,,,,,,,comprehensive,,,,,comprehensive:review:新昌重阳宫,四季皆宜,,,道教文化爱好者可访,,,comprehensive,,,景点0063,,,,,,,,游客较少环境清幽,2
,,,,1小时,,绍兴龙华寺,绍兴龙华寺,,,,,,,,,八字桥→广宁桥→龙华寺,attraction_review,,,,,,,,,,,comprehensive,,,,,comprehensive:review:绍兴龙华寺,四季皆宜,,,与八字桥、广宁桥串联,,,comprehensive,,,景点0064,,,,,,,,免费；可串联游览,2
,,,,3-4小时,,诸暨斗岩,诸暨斗岩,,,,,,,,,入口→斗岩大佛→登天梯→山顶,attraction_review,,,,,,,,,,,comprehensive,,,,,comprehensive:review:诸暨斗岩,春秋季,,,登山爱好者好去处,,,comprehensive,,,景点0065,,,,,,,,体力要求较高,2
,,,,2-3小时,,嵊州南山湖,嵊州南山湖,,,,,,,,,南山湖大坝→环湖公路→茶园,attraction_review,,,,,,,,,,,comprehensive,,,,,comprehensive:review:嵊州南山湖,春秋季,,,自驾休闲好去处,,,comprehensive,,,景点0066,,,,,,,,免费；适合自驾,2
,,,,1小时,,绍兴越国文化博物馆,绍兴越国文化博物馆,,,,,,,,,越国历史厅→越国文物厅→勾践专题,attraction_review,,,,,,,,,,,comprehensive,,,,,comprehensive:review:绍兴越国文化博物馆,四季皆宜,,,了解越国历史,,,comprehensive,,,展馆0106,,,,,,,,免费；毗邻鲁迅故里,2
,,,,1小时,,绍兴气象博物馆,绍兴博物馆,,,,,,,,,古代气象→现代气象→竺可桢专题,attraction_review,,,,,,,,,,,comprehensive,,,,,comprehensive:review:绍兴气象博物馆,四季皆宜,,,气象科普爱好者可访,,,comprehensive,,,展馆0101,,,,,,,,免费；周末闭馆,2
,,,,1-2小时,,绍兴市图书馆,绍兴市图书馆,,,,,,,,,一楼大厅→地方文献区→古籍区,attraction_review,,,,,,,,,,,comprehensive,,,,,comprehensive:review:绍兴市图书馆,四季皆宜,,,研究绍兴文化可去地方文献区,,,comprehensive,,,展馆0107,,,,,,,,免费；周一闭馆,2
,,,,1-2小时,,绍兴古城墙遗址,绍兴古城墙遗址,,,,,,,,,府山→迎恩门→环城西路遗址,attraction_review,,,,,,,,,,,comprehensive,,,,,comprehensive:review:绍兴古城墙遗址,四季皆宜,,,历史爱好者可沿府山寻城墙遗址,,,comprehensive,,,景点0067,,,,,,,,免费；遗址分散需步行,2
,,,,,,东湖/百丈飞瀑/五泄/新昌大佛寺,东湖,,,,,,,绍兴避暑胜地推荐,,,,,,,,,,,,,,comprehensive,,,东湖水洞（洞内温差约10℃）、百丈飞瀑峡谷、五泄风景区、新昌大佛寺山林。,,comprehensive:event:summer_cool,,,,,,每年7-8月,,,,景点0003,,,,,,,,,3
,,,,,,黄酒博物馆/安昌古镇,安昌古镇,,,,,,,绍兴黄酒文化体验,,,,,,,,,,,,,,comprehensive,,,黄酒博物馆→古越龙山体验馆→安昌仁昌酱园→咸亨酒店品酒。了解七千年黄酒文化。,,comprehensive:event:huangjiu_tour,,,,,,全年（11月黄酒节最热）,,,,景点0006,,,,,,,,,3
,,,,,,鲁迅故里/乔波冰雪世界/中华孝德园,鲁迅故里,,,,,,,绍兴亲子周末游,,,,,,,,,,,,,,comprehensive,,,鲁迅故里（三味书屋私塾体验）→科技馆→乔波冰雪世界→中华孝德园。寓教于乐。,,comprehensive:event:family_weekend,,,,,,全年,,,,景点0001,,,,,,,,,3
,,,,,,八字桥/仓桥直街/覆卮山/东湖,东湖,,,,,,,绍兴摄影打卡地,,,,,,,,,,,,,,comprehensive,,,八字桥（古桥水乡经典画面）、仓桥直街（红灯笼夜景）、覆卮山梯田（春季油菜花）、东湖乌篷船。,,comprehensive:event:photo_spots,,,,,,全年,,,,景点0003,,,,,,,,,3
,,,,,,安昌古镇/黄酒博物馆/书圣故里,安昌古镇,,,,,,,绍兴非遗体验之旅,,,,,,,,,,,,,,comprehensive,,,安昌扯白糖（观看制作）、黄酒博物馆（酿造体验）、书圣故里（书法体验）、嵊州竹编（手工艺体验）。,,comprehensive:event:ich_experience,,,,,,全年,,,,景点0006,,,,,,,,,3
,,,,,,全市,,,,,,,,绍兴国庆黄金周推荐,,,,,,,,,,,,,,comprehensive,,,国庆期间绍兴各景区人流量大，建议提前预约。推荐错峰游：鲁迅故里（早8:30）、仓桥直街（晚上）。安昌古镇国庆客流较大建议工作日去。,,comprehensive:event:golden_week,,,,,,每年10月1-7日,,,,,,,,,,,,,3
,,,,,,鲁迅故里→沈园→书圣故里→仓桥直街,鲁迅故里,,,,,,,,,,,,,深度体验绍兴人文历史，景点集中在越城区步行可达,,,,,,,,comprehensive,,,,,comprehensive:route:culture1day,,,1天,,绍兴古城文化一日游,,,,,景点0001,,,,,,,,,4
,,,,,,D1:鲁迅故里(三味书屋体验)→黄酒博物馆  D2:柯岩(坐船)→鲁镇(社戏)→安昌(扯白糖),鲁迅故里,,,,,,,,,,,,,节奏轻松，兼顾趣味和教育，适合带小朋友,,,,,,,,comprehensive,,,,,comprehensive:route:family2day,,,2天,,绍兴亲子二日游,,,,,景点0001,,,,,,,,,2
,,,,,,覆卮山千年梯田→曹娥庙→中华孝德园,覆卮山,,,,,,,,,,,,,上虞精华:梯田风光+孝文化体验，春季油菜花季最佳,,,,,,,,comprehensive,,,,,comprehensive:route:shangyu1day,,,1天,,绍兴上虞一日游,,,,,景点0014,,,,,,,,,3
,,,,1天,,绍兴美食一日游,,同心楼(早餐生煎)→鲁迅故里(王老汉臭豆腐)→咸亨酒店(午餐)→高老太奶油小攀(甜品)→寻宝记(晚餐)→绘璟轩(黄酒奶茶收尾),,,,,mafengwo_static,,,,travel_route,1,,,,,,,,,,mafengwo,,{'mafengwo': 1},,,mafengwo_static:foodroute,,,,以吃为主题，串联绍兴最地道的美味,,,,,,,,,,,,,,少量多餐，每样尝一点；黄酒棒冰随手可买，边走边吃,2
,,,,2天,,绍兴亲子2日游,,D1:鲁迅故里(三味书屋体验)→百草园→黄酒博物馆 | D2:柯岩(坐船)→鲁镇(社戏)→安昌(扯白糖体验),,,,,mafengwo_static,,,,travel_route,1,,,,,,,,,,mafengwo,,{'mafengwo': 1},,,mafengwo_static:familyroute,,,,适合带小朋友，节奏轻松，兼顾趣味和教育,,,,,,,,,,,,,,三味书屋有私塾体验课；百草园可以认植物；扯白糖观看+品尝孩子都喜欢,2
,,,,,,鲁迅故里→沈园→书圣故里→仓桥直街,鲁迅故里,,,,,,ct.zj.gov.cn_static,,,,travel_route,1,,深度体验绍兴人文历史,,,,,,,,wenglv,,{'wenglv': 1},,,,,,,,绍兴古城文化一日游,,,,,景点0001,,,,,,,,,4
,,,,,,D1:柯岩+鉴湖+鲁镇 / D2:安昌古镇+东湖,东湖,,,,,,ct.zj.gov.cn_static,,,,travel_route,1,,水乡风情与自然山水结合,,,,,,,,wenglv,,{'wenglv': 1},,,,,,,,绍兴水乡古镇二日游,,,,,景点0003,,,,,,,,,4
,,,,,,兰亭景区→书圣故里→青藤书屋→绍兴博物馆,兰亭景区,,,,,,ct.zj.gov.cn_static,,,,travel_route,1,,追寻王羲之徐渭书法足迹,,,,,,,,wenglv,,{'wenglv': 1},,,,,,,,绍兴书法朝圣之旅,,,,,景点0004,,,,,,,,,4
,,,,,,D1:柯岩风景区→鉴湖→鲁镇  D2:安昌古镇→东湖,东湖,,,,,,,,,,,,,水乡风情与自然山水完美结合,,,,,,,,comprehensive,,,,,comprehensive:route:water2day,,,2天,,绍兴水乡古镇二日游,,,,,景点0003,,,,,,,,,4
,,,,,,兰亭景区→书圣故里→青藤书屋→绍兴博物馆,兰亭景区,,,,,,,,,,,,,追寻王羲之、徐渭书法足迹，书法爱好者必走线路,,,,,,,,comprehensive,,,,,comprehensive:route:calligraphy,,,1天,,绍兴书法朝圣之旅,,,,,景点0004,,,,,,,,,4
,,,,,,D1:鲁迅故里→沈园→书圣故里(晚)  D2:柯岩风景区(全天)→仓桥直街(晚)  D3:东湖→兰亭→安昌古镇,鲁迅故里,,,,,,,,,,,,,市区精华+柯岩鉴湖+东湖兰亭，节奏适中,,,,,,,,comprehensive,,,,,comprehensive:route:3day_deep,,,3天,,绍兴三日深度游,,,,,景点0001,,,,,,,,,3
,,,,,,D1:新昌大佛寺→穿岩十九峰  D2:天姥山→嵊州崇仁古镇  D3:百丈飞瀑→越剧小镇,新昌大佛寺,,,,,,,,,,,,,覆盖新昌嵊州主要景点，适合自驾,,,,,,,,comprehensive,,,,,comprehensive:route:xinchang_shengzhou,,,3天,,绍兴新昌嵊州三日游,,,,,景点0008,,,,,,,,,3
,,,,,,D1:鲁迅故里(三味书屋体验)→黄酒博物馆  D2:柯岩(坐船)→鲁镇(社戏)→安昌(扯白糖),鲁迅故里,,,,,,,,,,,,,节奏轻松，兼顾趣味和教育，适合带小朋友,,,,,,,,comprehensive,,,,,comprehensive:route:family2day,,,2天,,绍兴亲子二日游,,,,,景点0001,,,,,,,,,2
,,,,,,五泄风景区→西施故里,五泄风景区,,,,,,,,,,,,,诸暨精华:上午登山观瀑、下午寻访西施故里,,,,,,,,comprehensive,,,,,comprehensive:route:zhuji1day,,,1天,,绍兴诸暨一日游,,,,,景点0009,,,,,,,,,3
,,,,,,D1:鲁迅故里+沈园+仓桥直街  D2:柯岩+鉴湖+鲁镇  D3:兰亭+东湖+书圣故里  D4:新昌大佛寺+穿岩十九峰  D5:安昌古镇+黄酒博物馆,鲁迅故里,,,,,,,,,,,,,覆盖绍兴全境主要景点，时间充裕节奏舒适,,,,,,,,comprehensive,,,,,comprehensive:route:5day_full,,,5天,,绍兴五日全景游,,,,,景点0001,,,,,,,,,3
,,,,,,,,,,,,,sxnews_static,,,,seasonal_event,1,,,,,第40届兰亭书法节将于2026年农历三月初三在兰亭景区举行，届时将举办书法展览、曲水流觞等活动。,,,,,local_news,,{'local_news': 1},,,,,,,,,,,,,,,,,,2026绍兴兰亭书法节即将举办,,,,2
,,,,,,,安昌古镇,,,,,,sxnews_static,,,,seasonal_event,1,,,,,2026年安昌腊月风情节期间，安昌古镇接待游客超50万人次，创历史新高。,,,,,local_news,,{'local_news': 1},,,,,,,,,,,,,景点0006,,,,,安昌古镇腊月风情节吸引游客超50万人次,,,,2
,,,,,,,,,,,,,,,,,seasonal_event,1,,,,,,,,,,weixin,,{'weixin': 1},宛委山樱花、吼山桃花、镜湖湿地油菜花、兰亭竹林,,,,,,,,每年3-4月,,,,,,,,,绍兴春季赏花指南,,,,1
,,,,,,,,,,,,,,,,,seasonal_event,1,,,,,,,,,,weixin,,{'weixin': 1},大香林桂花、会稽山红叶、鉴湖桂花节、天姥山秋色,,,,,,,,每年10-11月,,,,,,,,,绍兴秋季最佳旅游时间,,,,1
,,,,,,,绍兴特产·安昌腊肠,,,,,,,,,,seasonal_event,1,,,,,,,,,,weixin,,{'weixin': 1},安昌古镇腊味飘香、传统年俗体验、酱园开缸,,,,,,,,每年腊月(12月-1月),,,,美食0141,,,,,绍兴年味·安昌腊月风情节,,,,1
,,,,,,鲁迅故里,鲁迅故里,,,,,,,鲁迅文化周,,,seasonal_event,,,,,,,,,,,comprehensive,,,鲁迅文化周期间举办文学讲座、主题展览、研学活动等，是鲁迅故里最热闹的时节。,,comprehensive:seasonal:鲁迅故里,,,,,,每年4月下旬,comprehensive,,,景点0001,,,,,,,,,2
,,,,,,沈园,沈园,,,,,,,沈园梅花节,,,seasonal_event,,,,,,,,,,,comprehensive,,,沈园梅花盛开，红梅白梅与宋代园林相映成趣，是绍兴春日赏梅胜地。,,comprehensive:seasonal:沈园,,,,,,每年2-3月,comprehensive,,,景点0002,,,,,,,,,2
,,,,,,东湖,东湖,,,,,,,东湖荷花节,,,seasonal_event,,,,,,,,,,,comprehensive,,,夏季东湖荷花满湖，乌篷船穿行荷间，水洞内外温差约10℃为天然避暑胜地。,,comprehensive:seasonal:东湖,,,,,,每年6-8月,comprehensive,,,景点0003,,,,,,,,,2
,,,,,,兰亭景区,兰亭景区,,,,,,,兰亭书法节,,,seasonal_event,,,,,,,,,,,comprehensive,,,第40届兰亭书法节将举办书法展览、曲水流觞、现场挥毫等活动，是海内外书法爱好者的年度盛会。,,comprehensive:seasonal:兰亭景区,,,,,,每年农历三月初三,comprehensive,,,景点0004,,,,,,,,,2
,,,,,,绍兴柯岩风景区,绍兴柯岩风景区,,,,,,,鉴湖桂花节,,,seasonal_event,,,,,,,,,,,comprehensive,,,鉴湖畔桂花飘香，可乘乌篷船赏桂。桂花糕、桂花酒等时令美食集中呈现。,,comprehensive:seasonal:绍兴柯岩风景区,,,,,,每年9-10月,comprehensive,,,景点0005,,,,,,,,,2
,,,,,,安昌古镇,安昌古镇,,,,,,,安昌腊月风情节,,,seasonal_event,,,,,,,,,,,comprehensive,,,安昌古镇腊味飘香、传统年俗体验、酱园开缸、水上婚礼表演，年味最浓。,,comprehensive:seasonal:安昌古镇,,,,,,每年腊月（12月-1月）,comprehensive,,,景点0006,,,,,,,,,2
,,,,,,大禹陵,大禹陵,,,,,,,大禹陵祭祀大典,,,seasonal_event,,,,,,,,,,,comprehensive,,,国家级非遗，每年清明节举行公祭大禹陵典礼，仪仗庄严，是了解中华祭祀文化的重要窗口。,,comprehensive:seasonal:大禹陵,,,,,,每年清明节前后,comprehensive,,,景点0007,,,,,,,,,2
,,,,,,书圣故里,书圣故里,,,,,,,书圣故里最佳游览季,,,seasonal_event,,,,,,,,,,,comprehensive,,,,,comprehensive:seasonal:书圣故里,,,,,,四季皆宜,comprehensive,,,景点0011,,,,,,,,,2
,,,,,,仓桥直街,仓桥直街,,,,,,,仓桥直街最佳游览季,,,seasonal_event,,,,,,,,,,,comprehensive,,,,,comprehensive:seasonal:仓桥直街,,,,,,四季皆宜,comprehensive,,,景点0012,,,,,,,,,2
,,,,,,八字桥,八字桥,,,,,,,八字桥最佳游览季,,,seasonal_event,,,,,,,,,,,comprehensive,,,,,comprehensive:seasonal:八字桥,,,,,,四季皆宜,comprehensive,,,景点0017,,,,,,,,,2
,,,,,,绍兴博物馆,绍兴博物馆,,,,,,,绍兴博物馆最佳游览季,,,seasonal_event,,,,,,,,,,,comprehensive,,,,,comprehensive:seasonal:绍兴博物馆,,,,,,四季皆宜,comprehensive,,,展馆0101,,,,,,,,,2
,,,,,,中国黄酒博物馆,中国黄酒博物馆,,,,,,,中国黄酒博物馆最佳游览季,,,seasonal_event,,,,,,,,,,,comprehensive,,,,,comprehensive:seasonal:中国黄酒博物馆,,,,,,四季皆宜,comprehensive,,,展馆0102,,,,,,,,,2
,,,,,,秋瑾故居,秋瑾故居,,,,,,,秋瑾故居最佳游览季,,,seasonal_event,,,,,,,,,,,comprehensive,,,,,comprehensive:seasonal:秋瑾故居,,,,,,四季皆宜,comprehensive,,,景点0018,,,,,,,,,2
,,,,,,周恩来祖居,周恩来祖居,,,,,,,周恩来祖居最佳游览季,,,seasonal_event,,,,,,,,,,,comprehensive,,,,,comprehensive:seasonal:周恩来祖居,,,,,,四季皆宜,comprehensive,,,景点0019,,,,,,,,,2
,,,,,,蔡元培故居,蔡元培故居,,,,,,,蔡元培故居最佳游览季,,,seasonal_event,,,,,,,,,,,comprehensive,,,,,comprehensive:seasonal:蔡元培故居,,,,,,四季皆宜,comprehensive,,,景点0020,,,,,,,,,2
,,,,,,青藤书屋,青藤书屋,,,,,,,青藤书屋最佳游览季,,,seasonal_event,,,,,,,,,,,comprehensive,,,,,comprehensive:seasonal:青藤书屋,,,,,,四季皆宜,comprehensive,,,景点0021,,,,,,,,,2
,,,,,,鲁迅外婆家,鲁迅外婆家,,,,,,,鲁迅外婆家最佳游览季,,,seasonal_event,,,,,,,,,,,comprehensive,,,,,comprehensive:seasonal:鲁迅外婆家,,,,,,春秋,comprehensive,,,景点0022,,,,,,,,,2
,,,,,,新昌大佛寺,新昌大佛寺,,,,,,,新昌大佛寺最佳游览季,,,seasonal_event,,,,,,,,,,,comprehensive,,,,,comprehensive:seasonal:新昌大佛寺,,,,,,四季皆宜,comprehensive,,,景点0008,,,,,,,,,2
,,,,,,穿岩十九峰,穿岩十九峰,,,,,,,穿岩十九峰最佳游览季,,,seasonal_event,,,,,,,,,,,comprehensive,,,,,comprehensive:seasonal:穿岩十九峰,,,,,,春秋,comprehensive,,,景点0010,,,,,,,,,2
,,,,,,天姥山,天姥山,,,,,,,天姥山最佳游览季,,,seasonal_event,,,,,,,,,,,comprehensive,,,,,comprehensive:seasonal:天姥山,,,,,,春秋,comprehensive,,,景点0015,,,,,,,,,2
,,,,,,五泄风景区,五泄风景区,,,,,,,五泄风景区最佳游览季,,,seasonal_event,,,,,,,,,,,comprehensive,,,,,comprehensive:seasonal:五泄风景区,,,,,,夏秋,comprehensive,,,景点0009,,,,,,,,,2
,,,,,,西施故里,西施故里,,,,,,,西施故里最佳游览季,,,seasonal_event,,,,,,,,,,,comprehensive,,,,,comprehensive:seasonal:西施故里,,,,,,春秋,comprehensive,,,景点0013,,,,,,,,,2
,,,,,,覆卮山,覆卮山,,,,,,,覆卮山最佳游览季,,,seasonal_event,,,,,,,,,,,comprehensive,,,,,comprehensive:seasonal:覆卮山,,,,,,春,comprehensive,,,景点0014,,,,,,,,,2
,,,,,,曹娥庙,曹娥庙,,,,,,,曹娥庙最佳游览季,,,seasonal_event,,,,,,,,,,,comprehensive,,,,,comprehensive:seasonal:曹娥庙,,,,,,四季皆宜,comprehensive,,,景点0016,,,,,,,,,2
,,,,,,中华孝德园,中华孝德园,,,,,,,中华孝德园最佳游览季,,,seasonal_event,,,,,,,,,,,comprehensive,,,,,comprehensive:seasonal:中华孝德园,,,,,,四季皆宜,comprehensive,,,景点0023,,,,,,,,,2
,,,,,,百丈飞瀑,百丈飞瀑,,,,,,,百丈飞瀑最佳游览季,,,seasonal_event,,,,,,,,,,,comprehensive,,,,,comprehensive:seasonal:百丈飞瀑,,,,,,夏,comprehensive,,,景点0024,,,,,,,,,2
,,,,,,崇仁古镇,崇仁古镇,,,,,,,崇仁古镇最佳游览季,,,seasonal_event,,,,,,,,,,,comprehensive,,,,,comprehensive:seasonal:崇仁古镇,,,,,,四季皆宜,comprehensive,,,景点0025,,,,,,,,,2
,,,,,,会稽山兜率天景区,会稽山兜率天景区,,,,,,,会稽山兜率天景区最佳游览季,,,seasonal_event,,,,,,,,,,,comprehensive,,,,,comprehensive:seasonal:会稽山兜率天景区,,,,,,春秋,comprehensive,,,景点0026,,,,,,,,,2
,,,,,,大香林,大香林,,,,,,,大香林最佳游览季,,,seasonal_event,,,,,,,,,,,comprehensive,,,,,comprehensive:seasonal:大香林,,,,,,秋,comprehensive,,,景点0027,,,,,,,,,2
,,,,,,乔波冰雪世界,乔波冰雪世界,,,,,,,乔波冰雪世界最佳游览季,,,seasonal_event,,,,,,,,,,,comprehensive,,,,,comprehensive:seasonal:乔波冰雪世界,,,,,,四季皆宜,comprehensive,,,景点0028,,,,,,,,,2
,,,,,,越王台,越王台,,,,,,,越王台最佳游览季,,,seasonal_event,,,,,,,,,,,comprehensive,,,,,comprehensive:seasonal:越王台,,,,,,春秋,comprehensive,,,景点0029,,,,,,,,,2
,,,,,,古纤道,古纤道,,,,,,,古纤道最佳游览季,,,seasonal_event,,,,,,,,,,,comprehensive,,,,,comprehensive:seasonal:古纤道,,,,,,春秋,comprehensive,,,景点0030,,,,,,,,,2
,,,,,,宛委山,宛委山,,,,,,,宛委山最佳游览季,,,seasonal_event,,,,,,,,,,,comprehensive,,,,,comprehensive:seasonal:宛委山,,,,,,春,comprehensive,,,景点0031,,,,,,,,,2
,,,,,,吼山,吼山,,,,,,,吼山最佳游览季,,,seasonal_event,,,,,,,,,,,comprehensive,,,,,comprehensive:seasonal:吼山,,,,,,春,comprehensive,,,景点0032,,,,,,,,,2
,,,,,,镜湖国家湿地公园,镜湖国家湿地公园,,,,,,,镜湖国家湿地公园最佳游览季,,,seasonal_event,,,,,,,,,,,comprehensive,,,,,comprehensive:seasonal:镜湖国家湿地公园,,,,,,春秋,comprehensive,,,景点0033,,,,,,,,,2
,,,,,,府山公园,府山公园,,,,,,,府山公园最佳游览季,,,seasonal_event,,,,,,,,,,,comprehensive,,,,,comprehensive:seasonal:府山公园,,,,,,四季皆宜,comprehensive,,,景点0034,,,,,,,,,2
,,,,,,迎恩门水街,迎恩门水街,,,,,,,迎恩门水街最佳游览季,,,seasonal_event,,,,,,,,,,,comprehensive,,,,,comprehensive:seasonal:迎恩门水街,,,,,,四季皆宜,comprehensive,,,景点0035,,,,,,,,,2
,,,,,,塔山公园,塔山公园,,,,,,,塔山公园最佳游览季,,,seasonal_event,,,,,,,,,,,comprehensive,,,,,comprehensive:seasonal:塔山公园,,,,,,四季皆宜,comprehensive,,,景点0036,,,,,,,,,2
,,,,,,蕺山公园,蕺山公园,,,,,,,蕺山公园最佳游览季,,,seasonal_event,,,,,,,,,,,comprehensive,,,,,comprehensive:seasonal:蕺山公园,,,,,,四季皆宜,comprehensive,,,景点0037,,,,,,,,,2
,,,,,,若耶溪,若耶溪,,,,,,,若耶溪最佳游览季,,,seasonal_event,,,,,,,,,,,comprehensive,,,,,comprehensive:seasonal:若耶溪,,,,,,春秋,comprehensive,,,景点0038,,,,,,,,,2
,,,,,,羊山石佛,羊山石佛,,,,,,,羊山石佛最佳游览季,,,seasonal_event,,,,,,,,,,,comprehensive,,,,,comprehensive:seasonal:羊山石佛,,,,,,四季皆宜,comprehensive,,,景点0039,,,,,,,,,2
,,,,,,印山越国王陵,印山越国王陵,,,,,,,印山越国王陵最佳游览季,,,seasonal_event,,,,,,,,,,,comprehensive,,,,,comprehensive:seasonal:印山越国王陵,,,,,,四季皆宜,comprehensive,,,景点0040,,,,,,,,,2
,,,,,,东浦古镇（黄酒小镇）,东浦古镇（黄酒小镇）,,,,,,,东浦古镇（黄酒小镇）最佳游览季,,,seasonal_event,,,,,,,,,,,comprehensive,,,,,comprehensive:seasonal:东浦古镇（黄酒小镇）,,,,,,春秋,comprehensive,,,景点0041,,,,,,,,,2
,,,,,,诸暨千柱屋,诸暨千柱屋,,,,,,,诸暨千柱屋最佳游览季,,,seasonal_event,,,,,,,,,,,comprehensive,,,,,comprehensive:seasonal:诸暨千柱屋,,,,,,四季皆宜,comprehensive,,,景点0042,,,,,,,,,2
,,,,,,嵊州越剧小镇,嵊州越剧小镇,,,,,,,嵊州越剧小镇最佳游览季,,,seasonal_event,,,,,,,,,,,comprehensive,,,,,comprehensive:seasonal:嵊州越剧小镇,,,,,,四季皆宜,comprehensive,,,景点0043,,,,,,,,,2
,,,,,,嵊州温泉城,嵊州温泉城,,,,,,,嵊州温泉城最佳游览季,,,seasonal_event,,,,,,,,,,,comprehensive,,,,,comprehensive:seasonal:嵊州温泉城,,,,,,冬,comprehensive,,,景点0044,,,,,,,,,2
,,,,,,斯宅古村,斯宅古村,,,,,,,斯宅古村最佳游览季,,,seasonal_event,,,,,,,,,,,comprehensive,,,,,comprehensive:seasonal:斯宅古村,,,,,,春秋,comprehensive,,,景点0045,,,,,,,,,2
,,,,,,绍兴科技馆,绍兴科技馆,,,,,,,绍兴科技馆最佳游览季,,,seasonal_event,,,,,,,,,,,comprehensive,,,,,comprehensive:seasonal:绍兴科技馆,,,,,,四季皆宜,comprehensive,,,展馆0103,,,,,,,,,2
,,,,,,绍兴非遗馆,绍兴非遗馆,,,,,,,绍兴非遗馆最佳游览季,,,seasonal_event,,,,,,,,,,,comprehensive,,,,,comprehensive:seasonal:绍兴非遗馆,,,,,,四季皆宜,comprehensive,,,景点0046,,,,,,,,,2
,,,,,,绍兴城市广场,绍兴城市广场,,,,,,,绍兴城市广场最佳游览季,,,seasonal_event,,,,,,,,,,,comprehensive,,,,,comprehensive:seasonal:绍兴城市广场,,,,,,四季皆宜,comprehensive,,,景点0047,,,,,,,,,2
,,,,,,迪荡湖公园,迪荡湖公园,,,,,,,迪荡湖公园最佳游览季,,,seasonal_event,,,,,,,,,,,comprehensive,,,,,comprehensive:seasonal:迪荡湖公园,,,,,,四季皆宜,comprehensive,,,景点0048,,,,,,,,,2
,,,,,,会稽山阳明洞天,会稽山阳明洞天,,,,,,,会稽山阳明洞天最佳游览季,,,seasonal_event,,,,,,,,,,,comprehensive,,,,,comprehensive:seasonal:会稽山阳明洞天,,,,,,春秋,comprehensive,,,景点0049,,,,,,,,,2
,,,,,,越王城遗址,越王城遗址,,,,,,,越王城遗址最佳游览季,,,seasonal_event,,,,,,,,,,,comprehensive,,,,,comprehensive:seasonal:越王城遗址,,,,,,四季皆宜,comprehensive,,,景点0050,,,,,,,,,2
,,,,,,绍兴名人广场,绍兴名人广场,,,,,,,绍兴名人广场最佳游览季,,,seasonal_event,,,,,,,,,,,comprehensive,,,,,comprehensive:seasonal:绍兴名人广场,,,,,,四季皆宜,comprehensive,,,景点0051,,,,,,,,,2
,,,,,,绍兴环城河,绍兴环城河,,,,,,,绍兴环城河最佳游览季,,,seasonal_event,,,,,,,,,,,comprehensive,,,,,comprehensive:seasonal:绍兴环城河,,,,,,四季皆宜,comprehensive,,,景点0052,,,,,,,,,2
,,,,,,稽山公园,稽山公园,,,,,,,稽山公园最佳游览季,,,seasonal_event,,,,,,,,,,,comprehensive,,,,,comprehensive:seasonal:稽山公园,,,,,,四季皆宜,comprehensive,,,景点0053,,,,,,,,,2
,,,,,,绍兴市美术馆,绍兴市美术馆,,,,,,,绍兴市美术馆最佳游览季,,,seasonal_event,,,,,,,,,,,comprehensive,,,,,comprehensive:seasonal:绍兴市美术馆,,,,,,四季皆宜,comprehensive,,,展馆0104,,,,,,,,,2
,,,,,,绍兴大剧院,绍兴大剧院,,,,,,,绍兴大剧院最佳游览季,,,seasonal_event,,,,,,,,,,,comprehensive,,,,,comprehensive:seasonal:绍兴大剧院,,,,,,四季皆宜,comprehensive,,,展馆0105,,,,,,,,,2
,,,,,,上虞曹娥江,上虞曹娥江,,,,,,,上虞曹娥江最佳游览季,,,seasonal_event,,,,,,,,,,,comprehensive,,,,,comprehensive:seasonal:上虞曹娥江,,,,,,春秋,comprehensive,,,景点0054,,,,,,,,,2
,,,,,,新昌天烛仙境,新昌天烛仙境,,,,,,,新昌天烛仙境最佳游览季,,,seasonal_event,,,,,,,,,,,comprehensive,,,,,comprehensive:seasonal:新昌天烛仙境,,,,,,夏秋,comprehensive,,,景点0055,,,,,,,,,2
,,,,,,诸暨白塔湖,诸暨白塔湖,,,,,,,诸暨白塔湖最佳游览季,,,seasonal_event,,,,,,,,,,,comprehensive,,,,,comprehensive:seasonal:诸暨白塔湖,,,,,,春秋,comprehensive,,,景点0056,,,,,,,,,2
,,,,,,嵊州剡溪,嵊州剡溪,,,,,,,嵊州剡溪最佳游览季,,,seasonal_event,,,,,,,,,,,comprehensive,,,,,comprehensive:seasonal:嵊州剡溪,,,,,,春秋,comprehensive,,,景点0057,,,,,,,,,2
,,,,,,绍兴柯桥古镇,绍兴柯桥古镇,,,,,,,绍兴柯桥古镇最佳游览季,,,seasonal_event,,,,,,,,,,,comprehensive,,,,,comprehensive:seasonal:绍兴柯桥古镇,,,,,,四季皆宜,comprehensive,,,景点0058,,,,,,,,,2
,,,,,,上虞祝家庄,上虞祝家庄,,,,,,,上虞祝家庄最佳游览季,,,seasonal_event,,,,,,,,,,,comprehensive,,,,,comprehensive:seasonal:上虞祝家庄,,,,,,春秋,comprehensive,,,景点0059,,,,,,,,,2
,,,,,,诸暨东白湖,诸暨白塔湖,,,,,,,诸暨东白湖最佳游览季,,,seasonal_event,,,,,,,,,,,comprehensive,,,,,comprehensive:seasonal:诸暨东白湖,,,,,,春秋,comprehensive,,,景点0056,,,,,,,,,2
,,,,,,绍兴儿童公园,绍兴儿童公园,,,,,,,绍兴儿童公园最佳游览季,,,seasonal_event,,,,,,,,,,,comprehensive,,,,,comprehensive:seasonal:绍兴儿童公园,,,,,,四季皆宜,comprehensive,,,景点0060,,,,,,,,,2
,,,,,,绍兴镜湖乐园,绍兴镜湖乐园,,,,,,,绍兴镜湖乐园最佳游览季,,,seasonal_event,,,,,,,,,,,comprehensive,,,,,comprehensive:seasonal:绍兴镜湖乐园,,,,,,夏,comprehensive,,,景点0061,,,,,,,,,2
,,,,,,绍兴东方山水乐园,绍兴东方山水乐园,,,,,,,绍兴东方山水乐园最佳游览季,,,seasonal_event,,,,,,,,,,,comprehensive,,,,,comprehensive:seasonal:绍兴东方山水乐园,,,,,,四季皆宜,comprehensive,,,景点0062,,,,,,,,,2
,,,,,,新昌重阳宫,新昌重阳宫,,,,,,,新昌重阳宫最佳游览季,,,seasonal_event,,,,,,,,,,,comprehensive,,,,,comprehensive:seasonal:新昌重阳宫,,,,,,四季皆宜,comprehensive,,,景点0063,,,,,,,,,2
,,,,,,绍兴龙华寺,绍兴龙华寺,,,,,,,绍兴龙华寺最佳游览季,,,seasonal_event,,,,,,,,,,,comprehensive,,,,,comprehensive:seasonal:绍兴龙华寺,,,,,,四季皆宜,comprehensive,,,景点0064,,,,,,,,,2
,,,,,,诸暨斗岩,诸暨斗岩,,,,,,,诸暨斗岩最佳游览季,,,seasonal_event,,,,,,,,,,,comprehensive,,,,,comprehensive:seasonal:诸暨斗岩,,,,,,春秋,comprehensive,,,景点0065,,,,,,,,,2
,,,,,,嵊州南山湖,嵊州南山湖,,,,,,,嵊州南山湖最佳游览季,,,seasonal_event,,,,,,,,,,,comprehensive,,,,,comprehensive:seasonal:嵊州南山湖,,,,,,春秋,comprehensive,,,景点0066,,,,,,,,,2
,,,,,,绍兴越国文化博物馆,绍兴越国文化博物馆,,,,,,,绍兴越国文化博物馆最佳游览季,,,seasonal_event,,,,,,,,,,,comprehensive,,,,,comprehensive:seasonal:绍兴越国文化博物馆,,,,,,四季皆宜,comprehensive,,,展馆0106,,,,,,,,,2
,,,,,,绍兴气象博物馆,绍兴博物馆,,,,,,,绍兴气象博物馆最佳游览季,,,seasonal_event,,,,,,,,,,,comprehensive,,,,,comprehensive:seasonal:绍兴气象博物馆,,,,,,四季皆宜,comprehensive,,,展馆0101,,,,,,,,,2
,,,,,,绍兴市图书馆,绍兴市图书馆,,,,,,,绍兴市图书馆最佳游览季,,,seasonal_event,,,,,,,,,,,comprehensive,,,,,comprehensive:seasonal:绍兴市图书馆,,,,,,四季皆宜,comprehensive,,,展馆0107,,,,,,,,,2
,,,,,,绍兴古城墙遗址,绍兴古城墙遗址,,,,,,,绍兴古城墙遗址最佳游览季,,,seasonal_event,,,,,,,,,,,comprehensive,,,,,comprehensive:seasonal:绍兴古城墙遗址,,,,,,四季皆宜,comprehensive,,,景点0067,,,,,,,,,2
,,,,,,,中国黄酒博物馆,,,,,,,中国绍兴黄酒节,,,seasonal_event,,,,,,,,,,,comprehensive,,,开酿仪式、黄酒品鉴、酒道表演,,comprehensive:event:绍兴黄酒酿造技艺,,,,,,每年11月,comprehensive,,,展馆0102,,绍兴黄酒酿造技艺,,,,,,,3
,,,,,,,,,,,,,,中国越剧艺术节,,,seasonal_event,,,,,,,,,,,comprehensive,,,汇聚全国越剧名家演出,,comprehensive:event:越剧,,,,,,每两年一届,comprehensive,,,,,越剧,,,,,,,3
,,,,,,,大禹陵,,,,,,,公祭大禹陵典礼,,,seasonal_event,,,,,,,,,,,comprehensive,,,国家级非遗，仪仗庄严隆重,,comprehensive:event:大禹祭典,,,,,,每年清明节,comprehensive,,,景点0007,,大禹祭典,,,,,,,3
,,,,,,,绍兴祝福仪式,,,,,,,祝福仪式,,,seasonal_event,,,,,,,,,,,comprehensive,,,绍兴特有年终祭祀，鲁迅小说祝福场景,,comprehensive:event:绍兴祝福仪式,,,,,,农历腊月廿三至除夕,comprehensive,,,景点0080,,绍兴祝福仪式,,,,,,,3
,,,,,,,,,,,,,,安昌水上婚礼,,,seasonal_event,,,,,,,,,,,comprehensive,,,安昌古镇水上婚礼表演，再现绍兴水乡传统婚俗,,comprehensive:event:绍兴水乡婚俗,,,,,,腊月风情节期间,comprehensive,,,,,绍兴水乡婚俗,,,,,,,3
,,,,,,,绍兴非遗·绍兴端午龙舟,,,,,,,绍兴端午龙舟赛,,,seasonal_event,,,,,,,,,,,comprehensive,,,鉴湖和环城河举办龙舟赛配粽子黄酒共庆端午,,comprehensive:event:绍兴端午习俗,,,,,,农历五月初五,comprehensive,,,景点0099,,绍兴端午习俗,,,,,,,3
,,,,,,,绍兴社日习俗,,,,,,,社日,,,seasonal_event,,,,,,,,,,,comprehensive,,,农村搭台唱社戏祭祀土地神鲁迅社戏描写场景,,comprehensive:event:绍兴社日习俗,,,,,,春秋两季,comprehensive,,,景点0093,,绍兴社日习俗,,,,,,,3
,,,,,,,绍兴非遗·绍兴端午龙舟,,,,,,,绍兴端午龙舟赛,,,seasonal_event,,,,,,,,,,,comprehensive,,,鉴湖和环城河举办龙舟赛，百舸争流热闹非凡。,,comprehensive:event:绍兴非遗·绍兴端午龙舟,,,,,,农历五月初五,comprehensive,,,景点0099,,绍兴非遗·绍兴端午龙舟,,,,,,,3
,,,,,,,绍兴非遗·绍兴立夏习俗,,,,,,,立夏,,,seasonal_event,,,,,,,,,,,comprehensive,,,吃豌豆饭称体重，绍兴传统节气民俗。,,comprehensive:event:绍兴非遗·绍兴立夏习俗,,,,,,每年5月5日前后,comprehensive,,,景点0100,,绍兴非遗·绍兴立夏习俗,,,,,,,3
,,,,,,宛委山/吼山/镜湖/兰亭,宛委山,,,,,,,绍兴春季赏花指南,,,,,,,,,,,,,,comprehensive,,,宛委山樱花、吼山桃花、镜湖湿地油菜花、兰亭竹林新绿。春季是绍兴最美的季节，各处花开如海。,,comprehensive:event:spring_flowers,,,,,,每年3-4月,,,,景点0031,,,,,,,,,3
,,,,,,会稽山/大香林/天姥山/鉴湖,天姥山,,,,,,,绍兴秋季红叶观赏,,,,,,,,,,,,,,comprehensive,,,会稽山红叶、大香林桂花、天姥山秋色、鉴湖桂花节。秋季天高气爽，是绍兴最佳旅游季节。,,comprehensive:event:autumn_leaves,,,,,,每年10-11月,,,,景点0015,,,,,,,,,3
,,,,,,东湖/百丈飞瀑/五泄/新昌大佛寺,东湖,,,,,,,绍兴避暑胜地推荐,,,,,,,,,,,,,,comprehensive,,,东湖水洞（洞内温差约10℃）、百丈飞瀑峡谷、五泄风景区、新昌大佛寺山林。,,comprehensive:event:summer_cool,,,,,,每年7-8月,,,,景点0003,,,,,,,,,3
,,,,,,绍兴温泉城/安昌古镇,安昌古镇,,,,,,,绍兴冬季温泉之旅,,,,,,,,,,,,,,comprehensive,,,绍兴温泉城、嵊州中翔温泉。冬季泡温泉暖身养生，搭配安昌古镇腊味美食一日游。,,comprehensive:event:winter_hotspring,,,,,,每年12-2月,,,,景点0006,,,,,,,,,3
,,,,,,新昌大佛寺/兜率天宫/柯岩,新昌大佛寺,,,,,,,绍兴佛教文化之旅,,,,,,,,,,,,,,comprehensive,,,新昌大佛寺（江南第一大佛）、会稽山兜率天宫（弥勒道场）、柯岩大佛（隋代石刻）。,,comprehensive:event:buddhist_tour,,,,,,全年,,,,景点0008,,,,,,,,,3
,,,,,,天姥山/镜湖/若耶溪,天姥山,,,,,,,绍兴唐诗之路,,,,,,,,,,,,,,comprehensive,,,天姥山（李白梦游）→镜湖（贺知章故里）→若耶溪→云门寺。追寻450余位唐代诗人足迹。,,comprehensive:event:tang_poem_road,,,,,,春秋季,,,,景点0015,,,,,,,,,3
,,,,,,八字桥/仓桥直街/覆卮山/东湖,东湖,,,,,,,绍兴摄影打卡地,,,,,,,,,,,,,,comprehensive,,,八字桥（古桥水乡经典画面）、仓桥直街（红灯笼夜景）、覆卮山梯田（春季油菜花）、东湖乌篷船。,,comprehensive:event:photo_spots,,,,,,全年,,,,景点0003,,,,,,,,,3
,,,,,,全市,,,,,,,,绍兴国庆黄金周推荐,,,,,,,,,,,,,,comprehensive,,,国庆期间绍兴各景区人流量大，建议提前预约。推荐错峰游：鲁迅故里（早8:30）、仓桥直街（晚上）。安昌古镇国庆客流较大建议工作日去。,,comprehensive:event:golden_week,,,,,,每年10月1-7日,,,,,,,,,,,,,3
,,,,,,鉴湖/环城河,绍兴环城河,,,,,,,绍兴端午龙舟,,,,,,,,,,,,,,comprehensive,,,绍兴水乡端午有赛龙舟习俗，鉴湖、环城河等地举办龙舟赛。配粽子、黄酒共庆佳节。,,comprehensive:event:dragon_boat,,,,,,农历五月初五,,,,景点0052,,,,,,,,,3
,,,,,,鉴湖/沈园/府山,沈园,,,,,,,绍兴中秋赏月,,,,,,,,,,,,,,comprehensive,,,鉴湖泛舟赏月、沈园月下听曲、府山登高望月。配黄酒月饼共度中秋佳节。,,comprehensive:event:mid_autumn,,,,,,农历八月十五,,,,景点0002,,,,,,,,,3
,,,,,,D1:鲁迅故里→沈园→书圣故里(晚)  D2:柯岩风景区(全天)→仓桥直街(晚)  D3:东湖→兰亭→安昌古镇,鲁迅故里,,,,,,,,,,,,,市区精华+柯岩鉴湖+东湖兰亭，节奏适中,,,,,,,,comprehensive,,,,,comprehensive:route:3day_deep,,,3天,,绍兴三日深度游,,,,,景点0001,,,,,,,,,3
,,,,,,覆卮山千年梯田→曹娥庙→中华孝德园,覆卮山,,,,,,,,,,,,,上虞精华:梯田风光+孝文化体验，春季油菜花季最佳,,,,,,,,comprehensive,,,,,comprehensive:route:shangyu1day,,,1天,,绍兴上虞一日游,,,,,景点0014,,,,,,,,,3
,,,,,,,,,,,,,sxnews_static,,,,official_notice,1,,,,,绍兴市2025年新增3家国家4A级旅游景区，进一步丰富了绍兴旅游资源。,,,,,local_news,,{'local_news': 1},,,,,,,,,,,,,,,,,,绍兴新增3家4A级景区,,,,3
,,,,,,,,,,,,,,,,,local_food,1,,,,,,,,,,weixin,,{'weixin': 1},臭豆腐、梅干菜扣肉、茴香豆、绍兴黄酒、醉鸡、酱鸭、霉苋菜梗、糟鸡、奶油小攀、次坞打面,,,,,,,,,,,,,,,,,绍兴必吃十大美食,,,,1
,,,,,,,,,购物推荐,,,,,,,,local_food,1,,,,,1.安昌腊肠(40-60元/斤) 2.仁昌母子酱油(20-50元/瓶) 3.绍兴黄酒(各种年份) 4.梅干菜(15-30元/斤) 5.桂花糕/香糕 6.扯白糖 7.嵊州榨面 8.黄酒棒冰(现吃),,,,,xiaohongshu,,{'xiaohongshu': 1},,4500,xhs_static:绍兴特产买什么带回家,,,,,,,xiaohongshu_static,,,,,,,,绍兴特产买什么带回家,,,,1
,,,茴香豆——创建于清光绪二十年（1894年），因鲁迅小说《孔乙己》闻名天下。'多乎哉？不多也'的茴香豆配一碗太雕酒是标配。,,,,,,,,绍兴菜,,,,,,local_food,,,,茴香豆,,,,咸亨酒店,,,comprehensive,,,,,comprehensive:dish:茴香豆,,,,,,,comprehensive,,,,,,,,,,,,2
,,,绍兴黄酒——创建于清光绪二十年（1894年），因鲁迅小说《孔乙己》闻名天下。'多乎哉？不多也'的茴香豆配一碗太雕酒是标配。,,,,绍兴黄酒酿造技艺,,,,绍兴菜,,,,,,local_food,,,,绍兴黄酒,,,,咸亨酒店,,,comprehensive,,,,,comprehensive:dish:绍兴黄酒,,,,,,,comprehensive,,,景点0068,,,,,,,,,2
,,,梅干菜扣肉——创建于清光绪二十年（1894年），因鲁迅小说《孔乙己》闻名天下。'多乎哉？不多也'的茴香豆配一碗太雕酒是标配。,,,,,,,,绍兴菜,,,,,,local_food,,,,梅干菜扣肉,,,,咸亨酒店,,,comprehensive,,,,,comprehensive:dish:梅干菜扣肉,,,,,,,comprehensive,,,,,,,,,,,,2
,,,醉蟹——仓桥直街核心位置的新派绍兴菜馆，装修古色古香，常年排队。将传统绍兴菜与现代口味完美结合。,,,,绍兴特产·醉蟹,,,,绍兴菜,,,,,,local_food,,,,醉蟹,,,,寻宝记绍兴菜,,,comprehensive,,,,,comprehensive:dish:醉蟹,,,,,,,comprehensive,,,美食0149,,,,,,,,,2
,,,宋嫂鱼羹——仓桥直街核心位置的新派绍兴菜馆，装修古色古香，常年排队。将传统绍兴菜与现代口味完美结合。,,,,,,,,绍兴菜,,,,,,local_food,,,,宋嫂鱼羹,,,,寻宝记绍兴菜,,,comprehensive,,,,,comprehensive:dish:宋嫂鱼羹,,,,,,,comprehensive,,,,,,,,,,,,2
,,,清汤越鸡——绍兴老牌酒楼，以传统绍兴菜见长。清汤越鸡选用本地越鸡，汤清味醇，是绍兴十大名菜之一。,,,,,,,,绍兴菜,,,,,,local_food,,,,清汤越鸡,,,,状元楼,,,comprehensive,,,,,comprehensive:dish:清汤越鸡,,,,,,,comprehensive,,,,,,,,,,,,2
,,,干菜焖肉——绍兴老牌酒楼，以传统绍兴菜见长。清汤越鸡选用本地越鸡，汤清味醇，是绍兴十大名菜之一。,,,,,,,,绍兴菜,,,,,,local_food,,,,干菜焖肉,,,,状元楼,,,comprehensive,,,,,comprehensive:dish:干菜焖肉,,,,,,,comprehensive,,,,,,,,,,,,2
,,,鉴湖鱼头——绍兴老牌酒楼，以传统绍兴菜见长。清汤越鸡选用本地越鸡，汤清味醇，是绍兴十大名菜之一。,,,,,,,,绍兴菜,,,,,,local_food,,,,鉴湖鱼头,,,,状元楼,,,comprehensive,,,,,comprehensive:dish:鉴湖鱼头,,,,,,,comprehensive,,,,,,,,,,,,2
,,,花雕鸡——鲁迅主题绍兴菜馆，店内随处可见《孔乙己》元素。'多乎哉？不多也'的茴香豆是每桌必点。,,,,,,,,绍兴菜,,,,,,local_food,,,,花雕鸡,,,,孔乙己酒家,,,comprehensive,,,,,comprehensive:dish:花雕鸡,,,,,,,comprehensive,,,,,,,,,,,,2
,,,绍兴三臭——鲁迅主题绍兴菜馆，店内随处可见《孔乙己》元素。'多乎哉？不多也'的茴香豆是每桌必点。,,,,,,,,绍兴菜,,,,,,local_food,,,,绍兴三臭,,,,孔乙己酒家,,,comprehensive,,,,,comprehensive:dish:绍兴三臭,,,,,,,comprehensive,,,,,,,,,,,,2
,,,鉴湖河鲜——绍兴最老牌高端酒店，位于府山脚下园林式建筑。接待过众多中外政要，是体验正宗绍兴官府菜首选。,,,,,,,,绍兴菜,,,,,,local_food,,,,鉴湖河鲜,,,,绍兴饭店,,,comprehensive,,,,,comprehensive:dish:鉴湖河鲜,,,,,,,comprehensive,,,,,,,,,,,,2
,,,花雕醉蟹——绍兴最老牌高端酒店，位于府山脚下园林式建筑。接待过众多中外政要，是体验正宗绍兴官府菜首选。,,,,,,,,绍兴菜,,,,,,local_food,,,,花雕醉蟹,,,,绍兴饭店,,,comprehensive,,,,,comprehensive:dish:花雕醉蟹,,,,,,,comprehensive,,,,,,,,,,,,2
,,,花雕醉鸡——绍兴本地连锁品牌，菜品标准化环境干净现代。适合不习惯苍蝇馆子的游客，味道正宗价格亲民。,,,,,,,,绍兴菜,,,,,,local_food,,,,花雕醉鸡,,,,绍东家,,,comprehensive,,,,,comprehensive:dish:花雕醉鸡,,,,,,,comprehensive,,,,,,,,,,,,2
,,,酱鸭——绍兴本地连锁品牌，菜品标准化环境干净现代。适合不习惯苍蝇馆子的游客，味道正宗价格亲民。,,,,绍兴特产·酱鸭,,,,绍兴菜,,,,,,local_food,,,,酱鸭,,,,绍东家,,,comprehensive,,,,,comprehensive:dish:酱鸭,,,,,,,comprehensive,,,美食0142,,,,,,,,,2
,,,酒酿圆子——绍兴本地连锁品牌，菜品标准化环境干净现代。适合不习惯苍蝇馆子的游客，味道正宗价格亲民。,,,,,,,,绍兴菜,,,,,,local_food,,,,酒酿圆子,,,,绍东家,,,comprehensive,,,,,comprehensive:dish:酒酿圆子,,,,,,,comprehensive,,,,,,,,,,,,2
,,,酱鸭舌——隐藏在巷弄里的文艺私房菜馆，小院环境雅致。需提前预约，菜品精致有创意。,,,,,,,,绍兴菜,,,,,,local_food,,,,酱鸭舌,,,,柒舍小院,,,comprehensive,,,,,comprehensive:dish:酱鸭舌,,,,,,,comprehensive,,,,,,,,,,,,2
,,,梅干菜河鳗——隐藏在巷弄里的文艺私房菜馆，小院环境雅致。需提前预约，菜品精致有创意。,,,,,,,,绍兴菜,,,,,,local_food,,,,梅干菜河鳗,,,,柒舍小院,,,comprehensive,,,,,comprehensive:dish:梅干菜河鳗,,,,,,,comprehensive,,,,,,,,,,,,2
,,,兰亭醉鸡——兰亭景区旁的书法主题餐厅，每道菜都与书法文化相关。书法豆腐上用墨鱼汁写着'兰亭'二字。,,,,兰亭记,,,,绍兴菜,,,,,,local_food,,,,兰亭醉鸡,,,,兰亭记,,,comprehensive,,,,,comprehensive:dish:兰亭醉鸡,,,,,,,comprehensive,,,美食0126,,,,,,,,,2
,,,书法豆腐——兰亭景区旁的书法主题餐厅，每道菜都与书法文化相关。书法豆腐上用墨鱼汁写着'兰亭'二字。,,,,,,,,绍兴菜,,,,,,local_food,,,,书法豆腐,,,,兰亭记,,,comprehensive,,,,,comprehensive:dish:书法豆腐,,,,,,,comprehensive,,,,,,,,,,,,2
,,,曲水流觞宴——兰亭景区旁的书法主题餐厅，每道菜都与书法文化相关。书法豆腐上用墨鱼汁写着'兰亭'二字。,,,,,,,,绍兴菜,,,,,,local_food,,,,曲水流觞宴,,,,兰亭记,,,comprehensive,,,,,comprehensive:dish:曲水流觞宴,,,,,,,comprehensive,,,,,,,,,,,,2
,,,生煎包——绍兴百年老店，以面点小吃闻名。生煎包底脆肉鲜汁多，是绍兴人从小吃到大的味道。每天清晨排长队。,,,,,,,,面点小吃,,,,,,local_food,,,,生煎包,,,,同心楼,,,comprehensive,,,,,comprehensive:dish:生煎包,,,,,,,comprehensive,,,,,,,,,,,,2
,,,片儿川——绍兴百年老店，以面点小吃闻名。生煎包底脆肉鲜汁多，是绍兴人从小吃到大的味道。每天清晨排长队。,,,,,,,,面点小吃,,,,,,local_food,,,,片儿川,,,,同心楼,,,comprehensive,,,,,comprehensive:dish:片儿川,,,,,,,comprehensive,,,,,,,,,,,,2
,,,小馄饨——绍兴百年老店，以面点小吃闻名。生煎包底脆肉鲜汁多，是绍兴人从小吃到大的味道。每天清晨排长队。,,,,,,,,面点小吃,,,,,,local_food,,,,小馄饨,,,,同心楼,,,comprehensive,,,,,comprehensive:dish:小馄饨,,,,,,,comprehensive,,,,,,,,,,,,2
,,,小笼包——始于清同治年间，以绍兴小笼包闻名。皮薄馅大汤汁鲜美，是本地人的心头好。,,,,,,,,面点小吃,,,,,,local_food,,,,小笼包,,,,荣禄春,,,comprehensive,,,,,comprehensive:dish:小笼包,,,,,,,comprehensive,,,,,,,,,,,,2
,,,虾肉馄饨——始于清同治年间，以绍兴小笼包闻名。皮薄馅大汤汁鲜美，是本地人的心头好。,,,,,,,,面点小吃,,,,,,local_food,,,,虾肉馄饨,,,,荣禄春,,,comprehensive,,,,,comprehensive:dish:虾肉馄饨,,,,,,,comprehensive,,,,,,,,,,,,2
,,,蟹粉小笼——始于清同治年间，以绍兴小笼包闻名。皮薄馅大汤汁鲜美，是本地人的心头好。,,,,,,,,面点小吃,,,,,,local_food,,,,蟹粉小笼,,,,荣禄春,,,comprehensive,,,,,comprehensive:dish:蟹粉小笼,,,,,,,comprehensive,,,,,,,,,,,,2
,,,次坞打面——仓桥直街巷子里的地道面馆。次坞打面是诸暨特色，手工打制面条劲道有嚼劲。,,,,诸暨次坞打面馆,,,,面点小吃,,,,,,local_food,,,,次坞打面,,,,仓桥阿丘面馆,,,comprehensive,,,,,comprehensive:dish:次坞打面,,,,,,,comprehensive,,,美食0127,,,,,,,,,2
,,,三鲜面——仓桥直街巷子里的地道面馆。次坞打面是诸暨特色，手工打制面条劲道有嚼劲。,,,,,,,,面点小吃,,,,,,local_food,,,,三鲜面,,,,仓桥阿丘面馆,,,comprehensive,,,,,comprehensive:dish:三鲜面,,,,,,,comprehensive,,,,,,,,,,,,2
,,,嵊州小笼包——嵊州是浙江小吃之乡。豆腐包用嫩豆腐做馅一咬爆汁。炒年糕不是炒的而是带汤的，是嵊州独有吃法。,,,,嵊州小吃（鲁迅故里店）,,,,面点小吃,,,,,,local_food,,,,嵊州小笼包,,,,嵊州小吃（鲁迅故里店）,,,comprehensive,,,,,comprehensive:dish:嵊州小笼包,,,,,,,comprehensive,,,美食0116,,,,,,,,,2
,,,豆腐包——嵊州是浙江小吃之乡。豆腐包用嫩豆腐做馅一咬爆汁。炒年糕不是炒的而是带汤的，是嵊州独有吃法。,,,,,,,,面点小吃,,,,,,local_food,,,,豆腐包,,,,嵊州小吃（鲁迅故里店）,,,comprehensive,,,,,comprehensive:dish:豆腐包,,,,,,,comprehensive,,,,,,,,,,,,2
,,,炒年糕——嵊州是浙江小吃之乡。豆腐包用嫩豆腐做馅一咬爆汁。炒年糕不是炒的而是带汤的，是嵊州独有吃法。,,,,新昌炒年糕店,,,,面点小吃,,,,,,local_food,,,,炒年糕,,,,嵊州小吃（鲁迅故里店）,,,comprehensive,,,,,comprehensive:dish:炒年糕,,,,,,,comprehensive,,,美食0128,,,,,,,,,2
,,,三鲜打面——次坞打面是非遗技艺，用竹杠反复打压面团使其劲道。入口弹牙、汤头鲜美，是诸暨第一面。,,,,,,,,面点小吃,,,,,,local_food,,,,三鲜打面,,,,诸暨次坞打面馆,,,comprehensive,,,,,comprehensive:dish:三鲜打面,,,,,,,comprehensive,,,,,,,,,,,,2
,,,大排打面——次坞打面是非遗技艺，用竹杠反复打压面团使其劲道。入口弹牙、汤头鲜美，是诸暨第一面。,,,,,,,,面点小吃,,,,,,local_food,,,,大排打面,,,,诸暨次坞打面馆,,,comprehensive,,,,,comprehensive:dish:大排打面,,,,,,,comprehensive,,,,,,,,,,,,2
,,,新昌炒年糕——新昌炒年糕带汤，用冬笋、雪菜、肉丝同炒后加水煮，年糕软糯汤汁鲜美。,,,,新昌炒年糕店,,,,面点小吃,,,,,,local_food,,,,新昌炒年糕,,,,新昌炒年糕店,,,comprehensive,,,,,comprehensive:dish:新昌炒年糕,,,,,,,comprehensive,,,美食0128,,,,,,,,,2
,,,糟肉年糕——新昌炒年糕带汤，用冬笋、雪菜、肉丝同炒后加水煮，年糕软糯汤汁鲜美。,,,,,,,,面点小吃,,,,,,local_food,,,,糟肉年糕,,,,新昌炒年糕店,,,comprehensive,,,,,comprehensive:dish:糟肉年糕,,,,,,,comprehensive,,,,,,,,,,,,2
,,,青菜年糕——新昌炒年糕带汤，用冬笋、雪菜、肉丝同炒后加水煮，年糕软糯汤汁鲜美。,,,,,,,,面点小吃,,,,,,local_food,,,,青菜年糕,,,,新昌炒年糕店,,,comprehensive,,,,,comprehensive:dish:青菜年糕,,,,,,,comprehensive,,,,,,,,,,,,2
,,,臭豆腐——绍兴臭豆腐代表摊位，外酥里嫩配上甜酱和辣酱。逛鲁迅故里时必吃的街头美食。,,,,王老汉臭豆腐,,,,街头小吃,,,,,,local_food,,,,臭豆腐,,,,王老汉臭豆腐,,,comprehensive,,,,,comprehensive:dish:臭豆腐,,,,,,,comprehensive,,,美食0117,,,,,,,,,2
,,,萝卜丝饼——绍兴臭豆腐代表摊位，外酥里嫩配上甜酱和辣酱。逛鲁迅故里时必吃的街头美食。,,,,,,,,街头小吃,,,,,,local_food,,,,萝卜丝饼,,,,王老汉臭豆腐,,,comprehensive,,,,,comprehensive:dish:萝卜丝饼,,,,,,,comprehensive,,,,,,,,,,,,2
,,,虾饼——绍兴臭豆腐代表摊位，外酥里嫩配上甜酱和辣酱。逛鲁迅故里时必吃的街头美食。,,,,,,,,街头小吃,,,,,,local_food,,,,虾饼,,,,王老汉臭豆腐,,,comprehensive,,,,,comprehensive:dish:虾饼,,,,,,,comprehensive,,,,,,,,,,,,2
,,,油墩子——书圣故里附近的老牌臭豆腐摊，据说有30多年历史。臭豆腐外酥里嫩酱料是秘制的。,,,,,,,,街头小吃,,,,,,local_food,,,,油墩子,,,,老台门臭豆腐,,,comprehensive,,,,,comprehensive:dish:油墩子,,,,,,,comprehensive,,,,,,,,,,,,2
,,,炸年糕——书圣故里附近的老牌臭豆腐摊，据说有30多年历史。臭豆腐外酥里嫩酱料是秘制的。,,,,,,,,街头小吃,,,,,,local_food,,,,炸年糕,,,,老台门臭豆腐,,,comprehensive,,,,,comprehensive:dish:炸年糕,,,,,,,comprehensive,,,,,,,,,,,,2
,,,奶油小攀——奶油小攀是绍兴独有的传统甜品，类似蛋挞但口感更绵密。高老太是公认最正宗的，开了三十多年。,,,,高老太奶油小攀,,,,甜品,,,,,,local_food,,,,奶油小攀,,,,高老太奶油小攀,,,comprehensive,,,,,comprehensive:dish:奶油小攀,,,,,,,comprehensive,,,美食0118,,,,,,,,,2
,,,黄酒奶茶——绍兴黄酒新喝法的代表店铺。黄酒+奶茶的跨界组合意外好喝，酒香与奶香融合，是年轻人打卡圣地。,,,,绘璟轩·黄酒奶茶,,,,饮品,,,,,,local_food,,,,黄酒奶茶,,,,绘璟轩·黄酒奶茶,,,comprehensive,,,,,comprehensive:dish:黄酒奶茶,,,,,,,comprehensive,,,美食0120,,,,,,,,,2
,,,黄酒拿铁——绍兴黄酒新喝法的代表店铺。黄酒+奶茶的跨界组合意外好喝，酒香与奶香融合，是年轻人打卡圣地。,,,,,,,,饮品,,,,,,local_food,,,,黄酒拿铁,,,,绘璟轩·黄酒奶茶,,,comprehensive,,,,,comprehensive:dish:黄酒拿铁,,,,,,,comprehensive,,,,,,,,,,,,2
,,,黄酒冰淇淋——绍兴黄酒新喝法的代表店铺。黄酒+奶茶的跨界组合意外好喝，酒香与奶香融合，是年轻人打卡圣地。,,,,,,,,饮品,,,,,,local_food,,,,黄酒冰淇淋,,,,绘璟轩·黄酒奶茶,,,comprehensive,,,,,comprehensive:dish:黄酒冰淇淋,,,,,,,comprehensive,,,,,,,,,,,,2
,,,黄酒棒冰——中国黄酒博物馆附设商店，可品酒购酒。从三年陈到三十年陈应有尽有。,,,,,,,,特产,,,,,,local_food,,,,黄酒棒冰,,,,黄酒博物馆文创店,,,comprehensive,,,,,comprehensive:dish:黄酒棒冰,,,,,,,comprehensive,,,,,,,,,,,,2
,,,古越龙山黄酒——绍兴黄酒龙头企业古越龙山的体验馆。可参观酿酒过程，品尝不同年份黄酒，定制专属花雕酒坛。,,,,古越龙山酒楼,,,,特产,,,,,,local_food,,,,古越龙山黄酒,,,,古越龙山体验馆,,,comprehensive,,,,,comprehensive:dish:古越龙山黄酒,,,,,,,comprehensive,,,美食0155,,,,,,,,,2
,,,定制花雕——绍兴黄酒龙头企业古越龙山的体验馆。可参观酿酒过程，品尝不同年份黄酒，定制专属花雕酒坛。,,,,,,,,特产,,,,,,local_food,,,,定制花雕,,,,古越龙山体验馆,,,comprehensive,,,,,comprehensive:dish:定制花雕,,,,,,,comprehensive,,,,,,,,,,,,2
,,,黄酒巧克力——绍兴黄酒龙头企业古越龙山的体验馆。可参观酿酒过程，品尝不同年份黄酒，定制专属花雕酒坛。,,,,,,,,特产,,,,,,local_food,,,,黄酒巧克力,,,,古越龙山体验馆,,,comprehensive,,,,,comprehensive:dish:黄酒巧克力,,,,,,,comprehensive,,,,,,,,,,,,2
,,,母子酱油——创建于清光绪十八年（1892年），至今仍用传统工艺晒制酱油。园区免费参观，可购买手工酱油和酱货。,,,,绍兴特产·母子酱油,,,,特产,,,,,,local_food,,,,母子酱油,,,,安昌古镇仁昌酱园,,,comprehensive,,,,,comprehensive:dish:母子酱油,,,,,,,comprehensive,,,美食0147,,,,,,,,,2
,,,太油——创建于清光绪十八年（1892年），至今仍用传统工艺晒制酱油。园区免费参观，可购买手工酱油和酱货。,,,,,,,,特产,,,,,,local_food,,,,太油,,,,安昌古镇仁昌酱园,,,comprehensive,,,,,comprehensive:dish:太油,,,,,,,comprehensive,,,,,,,,,,,,2
,,,扯白糖——扯白糖是绍兴非遗技艺。师傅现场拉制，将滚烫糖浆反复拉扯至银白色，切成小块甜而不腻。,,,,安昌古镇陈记扯白糖,,,,街头小吃,,,,,,local_food,,,,扯白糖,,,,安昌古镇陈记扯白糖,,,comprehensive,,,,,comprehensive:dish:扯白糖,,,,,,,comprehensive,,,美食0124,,,,,,,,,2
,,,姜糖——扯白糖是绍兴非遗技艺。师傅现场拉制，将滚烫糖浆反复拉扯至银白色，切成小块甜而不腻。,,,,,,,,街头小吃,,,,,,local_food,,,,姜糖,,,,安昌古镇陈记扯白糖,,,comprehensive,,,,,comprehensive:dish:姜糖,,,,,,,comprehensive,,,,,,,,,,,,2
,,,花生糖——扯白糖是绍兴非遗技艺。师傅现场拉制，将滚烫糖浆反复拉扯至银白色，切成小块甜而不腻。,,,,,,,,街头小吃,,,,,,local_food,,,,花生糖,,,,安昌古镇陈记扯白糖,,,comprehensive,,,,,comprehensive:dish:花生糖,,,,,,,comprehensive,,,,,,,,,,,,2
,,,安昌腊肠——安昌古镇老街上的人气餐馆，以安昌腊味和本地绍兴菜为主。腊肠蒸饭是招牌。,,,,绍兴特产·安昌腊肠,,,,绍兴菜,,,,,,local_food,,,,安昌腊肠,,,,安昌古镇宝麟酒家,,,comprehensive,,,,,comprehensive:dish:安昌腊肠,,,,,,,comprehensive,,,美食0141,,,,,,,,,2
,,,黄酒——咸亨酒店隔壁的外卖窗口，价格比堂食便宜。买包茴香豆边走边吃，体验孔乙己的快乐。,,,,绍兴黄酒酿造技艺,,,,街头小吃,,,,,,local_food,,,,黄酒,,,,咸亨酒店外卖窗口,,,comprehensive,,,,,comprehensive:dish:黄酒,,,,,,,comprehensive,,,景点0068,,,,,,,,,2
,,,龙井茶——东湖景区内的茶馆，可一边品茶一边欣赏东湖山水。桂花糕是季节限定。,,,,,,,,茶馆,,,,,,local_food,,,,龙井茶,,,,东湖乌篷船码头茶馆,,,comprehensive,,,,,comprehensive:dish:龙井茶,,,,,,,comprehensive,,,,,,,,,,,,2
,,,桂花糕——东湖景区内的茶馆，可一边品茶一边欣赏东湖山水。桂花糕是季节限定。,,,,,,,,茶馆,,,,,,local_food,,,,桂花糕,,,,东湖乌篷船码头茶馆,,,comprehensive,,,,,comprehensive:dish:桂花糕,,,,,,,comprehensive,,,,,,,,,,,,2
,,,藕粉——沈园内的茶馆，坐在宋代园林中品茶别有意境。可听到不远处越剧堂会的袅袅唱腔。,,,,,,,,茶馆,,,,,,local_food,,,,藕粉,,,,沈园茶馆,,,comprehensive,,,,,comprehensive:dish:藕粉,,,,,,,comprehensive,,,,,,,,,,,,2
,,,土鸡煲——大禹陵周边的农家乐，以本地土鸡和鉴湖河鲜为主。土鸡煲是每桌必点。,,,,,,,,农家菜,,,,,,local_food,,,,土鸡煲,,,,大禹陵农家乐,,,comprehensive,,,,,comprehensive:dish:土鸡煲,,,,,,,comprehensive,,,,,,,,,,,,2
,,,时蔬——大禹陵周边的农家乐，以本地土鸡和鉴湖河鲜为主。土鸡煲是每桌必点。,,,,,,,,农家菜,,,,,,local_food,,,,时蔬,,,,大禹陵农家乐,,,comprehensive,,,,,comprehensive:dish:时蔬,,,,,,,comprehensive,,,,,,,,,,,,2
,,,兰亭笋干——兰亭景区附近的农家菜，春季笋干最鲜美。环境简朴但食材新鲜地道。,,,,兰亭记,,,,农家菜,,,,,,local_food,,,,兰亭笋干,,,,兰亭农家菜馆,,,comprehensive,,,,,comprehensive:dish:兰亭笋干,,,,,,,comprehensive,,,美食0126,,,,,,,,,2
,,,时令蔬菜——兰亭景区附近的农家菜，春季笋干最鲜美。环境简朴但食材新鲜地道。,,,,,,,,农家菜,,,,,,local_food,,,,时令蔬菜,,,,兰亭农家菜馆,,,comprehensive,,,,,comprehensive:dish:时令蔬菜,,,,,,,comprehensive,,,,,,,,,,,,2
,,,笋干烧肉——穿岩十九峰周边的农家乐。新昌炒年糕是必吃的，配上一碗土鸡汤完美补给登山消耗。,,,,,,,,农家菜,,,,,,local_food,,,,笋干烧肉,,,,新昌农家乐,,,comprehensive,,,,,comprehensive:dish:笋干烧肉,,,,,,,comprehensive,,,,,,,,,,,,2
,,,覆卮山土鸡——覆卮山周边农家乐。油菜花季时坐在梯田边吃饭景色绝佳。,,,,覆卮山,,,,农家菜,,,,,,local_food,,,,覆卮山土鸡,,,,上虞农家乐,,,comprehensive,,,,,comprehensive:dish:覆卮山土鸡,,,,,,,comprehensive,,,景点0014,,,,,,,,,2
,,,梯田时蔬——覆卮山周边农家乐。油菜花季时坐在梯田边吃饭景色绝佳。,,,,,,,,农家菜,,,,,,local_food,,,,梯田时蔬,,,,上虞农家乐,,,comprehensive,,,,,comprehensive:dish:梯田时蔬,,,,,,,comprehensive,,,,,,,,,,,,2
,,,野生河鱼——覆卮山周边农家乐。油菜花季时坐在梯田边吃饭景色绝佳。,,,,,,,,农家菜,,,,,,local_food,,,,野生河鱼,,,,上虞农家乐,,,comprehensive,,,,,comprehensive:dish:野生河鱼,,,,,,,comprehensive,,,,,,,,,,,,2
,,,梅干菜饼——绍兴梅干菜色泽乌黑、香气浓郁。以芥菜腌制晒干而成，是做梅干菜扣肉的必备食材。,,,,,,,,土特产,,,,,,local_food,,,,梅干菜饼,,,,绍兴特产·梅干菜,,,comprehensive,,,,,comprehensive:dish:梅干菜饼,,,,,,,comprehensive,,,,,,,,,,,,2
,,,蒸腊肠——安昌腊肠选用猪后腿肉灌制，用酱油、黄酒、白糖腌制后风干。蒸熟切片即可食用，香气扑鼻。,,,,,,,,土特产,,,,,,local_food,,,,蒸腊肠,,,,绍兴特产·安昌腊肠,,,comprehensive,,,,,comprehensive:dish:蒸腊肠,,,,,,,comprehensive,,,,,,,,,,,,2
,,,腊肠饭——安昌腊肠选用猪后腿肉灌制，用酱油、黄酒、白糖腌制后风干。蒸熟切片即可食用，香气扑鼻。,,,,,,,,土特产,,,,,,local_food,,,,腊肠饭,,,,绍兴特产·安昌腊肠,,,comprehensive,,,,,comprehensive:dish:腊肠饭,,,,,,,comprehensive,,,,,,,,,,,,2
,,,花雕酒——花雕酒是绍兴黄酒中的精品，酒坛上有精美彩绘。陈年花雕酒色如琥珀，温润醇厚。,,,,绍兴特产·花雕酒,,,,土特产,,,,,,local_food,,,,花雕酒,,,,绍兴特产·花雕酒,,,comprehensive,,,,,comprehensive:dish:花雕酒,,,,,,,comprehensive,,,美食0143,,,,,,,,,2
,,,蒸双臭——绍兴三臭之一。苋菜梗发酵后产生特殊风味，爱的人爱死、怕的人怕死。配豆腐同蒸为'蒸双臭'。,,,,,,,,土特产,,,,,,local_food,,,,蒸双臭,,,,绍兴特产·霉苋菜梗,,,comprehensive,,,,,comprehensive:dish:蒸双臭,,,,,,,comprehensive,,,,,,,,,,,,2
,,,霉苋菜梗——绍兴三臭之一。苋菜梗发酵后产生特殊风味，爱的人爱死、怕的人怕死。配豆腐同蒸为'蒸双臭'。,,,,绍兴特产·霉苋菜梗,,,,土特产,,,,,,local_food,,,,霉苋菜梗,,,,绍兴特产·霉苋菜梗,,,comprehensive,,,,,comprehensive:dish:霉苋菜梗,,,,,,,comprehensive,,,美食0144,,,,,,,,,2
,,,蒸霉千张——绍兴三臭之二。千张（豆腐皮）发酵后产生浓郁风味。蒸后口感绵软，是绍兴人最爱的下饭菜。,,,,,,,,土特产,,,,,,local_food,,,,蒸霉千张,,,,绍兴特产·霉千张,,,comprehensive,,,,,comprehensive:dish:蒸霉千张,,,,,,,comprehensive,,,,,,,,,,,,2
,,,炸臭豆腐——绍兴三臭之三。苋菜梗卤水浸泡豆腐后油炸至金黄。外酥里嫩，蘸甜酱和辣酱吃。,,,,王老汉臭豆腐,,,,土特产,,,,,,local_food,,,,炸臭豆腐,,,,绍兴特产·臭豆腐,,,comprehensive,,,,,comprehensive:dish:炸臭豆腐,,,,,,,comprehensive,,,美食0117,,,,,,,,,2
,,,糟鸡——绍兴糟货代表。鸡肉用酒糟腌制后肉质紧实、酒香浓郁。是绍兴人过年必备冷盘。,,,,绍兴特产·糟鸡,,,,土特产,,,,,,local_food,,,,糟鸡,,,,绍兴特产·糟鸡,,,comprehensive,,,,,comprehensive:dish:糟鸡,,,,,,,comprehensive,,,美食0148,,,,,,,,,2
,,,糟鸡爪——绍兴糟货代表。鸡肉用酒糟腌制后肉质紧实、酒香浓郁。是绍兴人过年必备冷盘。,,,,,,,,土特产,,,,,,local_food,,,,糟鸡爪,,,,绍兴特产·糟鸡,,,comprehensive,,,,,comprehensive:dish:糟鸡爪,,,,,,,comprehensive,,,,,,,,,,,,2
,,,绍兴香糕——绍兴传统糕点，以米粉、白糖、桂花为原料烘烤制成。酥脆香甜，是伴手礼佳选。,,,,绍兴特产·香糕,,,,糕点,,,,,,local_food,,,,绍兴香糕,,,,绍兴特产·香糕,,,comprehensive,,,,,comprehensive:dish:绍兴香糕,,,,,,,comprehensive,,,美食0150,,,,,,,,,2
,,,炒榨面——嵊州传统米面，细如发丝。炒或煮汤皆可，口感爽滑。是嵊州家家户户必备的主食。,,,,,,,,土特产,,,,,,local_food,,,,炒榨面,,,,绍兴特产·嵊州榨面,,,comprehensive,,,,,comprehensive:dish:炒榨面,,,,,,,comprehensive,,,,,,,,,,,,2
,,,汤榨面——嵊州传统米面，细如发丝。炒或煮汤皆可，口感爽滑。是嵊州家家户户必备的主食。,,,,,,,,土特产,,,,,,local_food,,,,汤榨面,,,,绍兴特产·嵊州榨面,,,comprehensive,,,,,comprehensive:dish:汤榨面,,,,,,,comprehensive,,,,,,,,,,,,2
,,,霉千张——以绍兴三臭闻名的本地菜馆。霉苋菜梗蒸豆腐是招牌。体验地道绍兴味的好去处。,,,,绍兴特产·霉千张,,,,绍兴菜,,,,,,local_food,,,,霉千张,,,,绍兴土菜馆,,,comprehensive,,,,,comprehensive:dish:霉千张,,,,,,,comprehensive,,,美食0145,,,,,,,,,2
,,,雪菜炒笋——府山公园旁的本地土菜馆，游客少本地人多。越鸡是绍兴本地鸡种，清汤炖制肉质鲜嫩。,,,,,,,,绍兴菜,,,,,,local_food,,,,雪菜炒笋,,,,府山脚下土菜馆,,,comprehensive,,,,,comprehensive:dish:雪菜炒笋,,,,,,,comprehensive,,,,,,,,,,,,2
,,,酱爆螺蛳——府山公园旁的本地土菜馆，游客少本地人多。越鸡是绍兴本地鸡种，清汤炖制肉质鲜嫩。,,,,,,,,绍兴菜,,,,,,local_food,,,,酱爆螺蛳,,,,府山脚下土菜馆,,,comprehensive,,,,,comprehensive:dish:酱爆螺蛳,,,,,,,comprehensive,,,,,,,,,,,,2
,,,香糕——绍兴老字号糕点店，桂花糕和香糕最受欢迎。伴手礼首选。,,,,绍兴特产·香糕,,,,糕点,,,,,,local_food,,,,香糕,,,,丁大兴糕点,,,comprehensive,,,,,comprehensive:dish:香糕,,,,,,,comprehensive,,,美食0150,,,,,,,,,2
,,,定胜糕——绍兴老字号糕点店，桂花糕和香糕最受欢迎。伴手礼首选。,,,,,,,,糕点,,,,,,local_food,,,,定胜糕,,,,丁大兴糕点,,,comprehensive,,,,,comprehensive:dish:定胜糕,,,,,,,comprehensive,,,,,,,,,,,,2
,,,黄酒炖蛋——古越龙山旗下的黄酒主题餐厅。每道菜都以黄酒入菜，酒香与菜香完美融合。,,,,,,,,绍兴菜,,,,,,local_food,,,,黄酒炖蛋,,,,古越龙山酒楼,,,comprehensive,,,,,comprehensive:dish:黄酒炖蛋,,,,,,,comprehensive,,,,,,,,,,,,2
,,,酒香肉——古越龙山旗下的黄酒主题餐厅。每道菜都以黄酒入菜，酒香与菜香完美融合。,,,,,,,,绍兴菜,,,,,,local_food,,,,酒香肉,,,,古越龙山酒楼,,,comprehensive,,,,,comprehensive:dish:酒香肉,,,,,,,comprehensive,,,,,,,,,,,,2
,,,各类小吃——绍兴市中心最大的购物中心美食广场，汇集绍兴小吃和全国连锁餐饮品牌。,,,,,,,,小吃集合,,,,,,local_food,,,,各类小吃,,,,银泰城美食广场,,,comprehensive,,,,,comprehensive:dish:各类小吃,,,,,,,comprehensive,,,,,,,,,,,,2
,,,连锁餐饮——绍兴市中心最大的购物中心美食广场，汇集绍兴小吃和全国连锁餐饮品牌。,,,,,,,,小吃集合,,,,,,local_food,,,,连锁餐饮,,,,银泰城美食广场,,,comprehensive,,,,,comprehensive:dish:连锁餐饮,,,,,,,comprehensive,,,,,,,,,,,,2
,,,绍东家——绍兴世茂商圈的美食聚集区，从本地绍兴菜到日韩料理应有尽有。,,,,绍东家,,,,小吃集合,,,,,,local_food,,,,绍东家,,,,世茂美食街,,,comprehensive,,,,,comprehensive:dish:绍东家,,,,,,,comprehensive,,,美食0122,,,,,,,,,2
,,,日料——绍兴世茂商圈的美食聚集区，从本地绍兴菜到日韩料理应有尽有。,,,,,,,,小吃集合,,,,,,local_food,,,,日料,,,,世茂美食街,,,comprehensive,,,,,comprehensive:dish:日料,,,,,,,comprehensive,,,,,,,,,,,,2
,,,韩式烤肉——绍兴世茂商圈的美食聚集区，从本地绍兴菜到日韩料理应有尽有。,,,,,,,,小吃集合,,,,,,local_food,,,,韩式烤肉,,,,世茂美食街,,,comprehensive,,,,,comprehensive:dish:韩式烤肉,,,,,,,comprehensive,,,,,,,,,,,,2
,,,大排面——绍兴本地人爱吃的老面馆。片儿川雪菜笋片肉丝浇头鲜美。,,,,,,,,面点小吃,,,,,,local_food,,,,大排面,,,,阿二面馆,,,comprehensive,,,,,comprehensive:dish:大排面,,,,,,,comprehensive,,,,,,,,,,,,2
,,,咸豆浆——绍兴传统早餐铺。咸豆浆配油条是正宗绍兴吃法。粢饭团裹油条和榨菜是绍兴人从小吃到大的早餐。,,,,,,,,面点小吃,,,,,,local_food,,,,咸豆浆,,,,老绍兴早点铺,,,comprehensive,,,,,comprehensive:dish:咸豆浆,,,,,,,comprehensive,,,,,,,,,,,,2
,,,油条——绍兴传统早餐铺。咸豆浆配油条是正宗绍兴吃法。粢饭团裹油条和榨菜是绍兴人从小吃到大的早餐。,,,,,,,,面点小吃,,,,,,local_food,,,,油条,,,,老绍兴早点铺,,,comprehensive,,,,,comprehensive:dish:油条,,,,,,,comprehensive,,,,,,,,,,,,2
,,,粢饭团——绍兴传统早餐铺。咸豆浆配油条是正宗绍兴吃法。粢饭团裹油条和榨菜是绍兴人从小吃到大的早餐。,,,,,,,,面点小吃,,,,,,local_food,,,,粢饭团,,,,老绍兴早点铺,,,comprehensive,,,,,comprehensive:dish:粢饭团,,,,,,,comprehensive,,,,,,,,,,,,2
,,,西施豆腐——诸暨特色蒸菜馆。西施豆腐是诸暨名菜，嫩豆腐配虾仁火腿蒸制鲜香滑嫩。,,,,,,,,地方菜,,,,,,local_food,,,,西施豆腐,,,,诸暨蒸菜馆,,,comprehensive,,,,,comprehensive:dish:西施豆腐,,,,,,,comprehensive,,,,,,,,,,,,2
,,,诸暨蒸三鲜——诸暨特色蒸菜馆。西施豆腐是诸暨名菜，嫩豆腐配虾仁火腿蒸制鲜香滑嫩。,,,,诸暨蒸菜馆,,,,地方菜,,,,,,local_food,,,,诸暨蒸三鲜,,,,诸暨蒸菜馆,,,comprehensive,,,,,comprehensive:dish:诸暨蒸三鲜,,,,,,,comprehensive,,,美食0160,,,,,,,,,2
,,,新昌春饼——新昌特色小吃。春饼薄如纸包着豆芽肉丝炸至金黄。米海茶是新昌传统饮品。,,,,,,,,面点小吃,,,,,,local_food,,,,新昌春饼,,,,新昌特色小吃店,,,comprehensive,,,,,comprehensive:dish:新昌春饼,,,,,,,comprehensive,,,,,,,,,,,,2
,,,米海茶——新昌特色小吃。春饼薄如纸包着豆芽肉丝炸至金黄。米海茶是新昌传统饮品。,,,,,,,,面点小吃,,,,,,local_food,,,,米海茶,,,,新昌特色小吃店,,,comprehensive,,,,,comprehensive:dish:米海茶,,,,,,,comprehensive,,,,,,,,,,,,2
,,,上虞土鸡煲——上虞区知名农家菜馆。土鸡煲用本地散养土鸡慢炖数小时，汤浓味鲜。,,,,,,,,农家菜,,,,,,local_food,,,,上虞土鸡煲,,,,上虞农家大院,,,comprehensive,,,,,comprehensive:dish:上虞土鸡煲,,,,,,,comprehensive,,,,,,,,,,,,2
,,,榨面——嵊州小吃一站式体验。小笼包皮薄馅大豆腐包一咬爆汁。炒年糕带汤是嵊州独有吃法。,,,,绍兴特产·嵊州榨面,,,,小吃集合,,,,,,local_food,,,,榨面,,,,嵊州越乡小吃城,,,comprehensive,,,,,comprehensive:dish:榨面,,,,,,,comprehensive,,,美食0151,,,,,,,,,2
,,,笋干菜烧肉——绍兴笋干菜用春笋和芥菜晒制而成，是做笋干菜烧肉的核心食材。,,,,,,,,土特产,,,,,,local_food,,,,笋干菜烧肉,,,,绍兴特产·笋干菜,,,comprehensive,,,,,comprehensive:dish:笋干菜烧肉,,,,,,,comprehensive,,,,,,,,,,,,2
,,,醉枣——绍兴传统醉货。用黄酒浸泡红枣制成，酒香浓郁甜而不腻。伴手礼佳选。,,,,,,,,土特产,,,,,,local_food,,,,醉枣,,,,绍兴特产·醉枣,,,comprehensive,,,,,comprehensive:dish:醉枣,,,,,,,comprehensive,,,,,,,,,,,,2
,,,,,,绍兴温泉城/安昌古镇,安昌古镇,,,,,,,绍兴冬季温泉之旅,,,,,,,,,,,,,,comprehensive,,,绍兴温泉城、嵊州中翔温泉。冬季泡温泉暖身养生，搭配安昌古镇腊味美食一日游。,,comprehensive:event:winter_hotspring,,,,,,每年12-2月,,,,景点0006,,,,,,,,,3
,,,,,,安昌古镇/崇仁古镇/东浦古镇,安昌古镇,,,,,,,绍兴水乡古镇游,,,,,,,,,,,,,,comprehensive,,,安昌古镇（原生态水乡年味）、崇仁古镇（越剧文化）、东浦古镇（黄酒小镇）。,,comprehensive:event:water_town,,,,,,全年（秋冬最佳）,,,,景点0006,,,,,,,,,3
,,,,,,黄酒博物馆/安昌古镇,安昌古镇,,,,,,,绍兴黄酒文化体验,,,,,,,,,,,,,,comprehensive,,,黄酒博物馆→古越龙山体验馆→安昌仁昌酱园→咸亨酒店品酒。了解七千年黄酒文化。,,comprehensive:event:huangjiu_tour,,,,,,全年（11月黄酒节最热）,,,,景点0006,,,,,,,,,3
,,,,,,鉴湖/环城河,绍兴环城河,,,,,,,绍兴端午龙舟,,,,,,,,,,,,,,comprehensive,,,绍兴水乡端午有赛龙舟习俗，鉴湖、环城河等地举办龙舟赛。配粽子、黄酒共庆佳节。,,comprehensive:event:dragon_boat,,,,,,农历五月初五,,,,景点0052,,,,,,,,,3
,,,,,,鉴湖/沈园/府山,沈园,,,,,,,绍兴中秋赏月,,,,,,,,,,,,,,comprehensive,,,鉴湖泛舟赏月、沈园月下听曲、府山登高望月。配黄酒月饼共度中秋佳节。,,comprehensive:event:mid_autumn,,,,,,农历八月十五,,,,景点0002,,,,,,,,,3
,,,,,,同心楼(生煎)→鲁迅故里(王老汉臭豆腐)→咸亨酒店(午餐)→高老太奶油小攀→寻宝记(晚餐)→绘璟轩(黄酒奶茶),鲁迅故里,,,,,,,,,,,,,串联最地道绍兴美味，少量多餐每样尝一点,,,,,,,,comprehensive,,,,,comprehensive:route:food1day,,,1天,,绍兴美食专线一日游,,,,,景点0001,,,,,,,,,2
,,,,,,D1:鲁迅故里+沈园+仓桥直街  D2:柯岩+鉴湖+鲁镇  D3:兰亭+东湖+书圣故里  D4:新昌大佛寺+穿岩十九峰  D5:安昌古镇+黄酒博物馆,鲁迅故里,,,,,,,,,,,,,覆盖绍兴全境主要景点，时间充裕节奏舒适,,,,,,,,comprehensive,,,,,comprehensive:route:5day_full,,,5天,,绍兴五日全景游,,,,,景点0001,,,,,,,,,3
