名称,来源数量,信任等级,主分类
D1:柯岩风景区→鉴湖→鲁镇  D2:安昌古镇→东湖,1,1,游玩攻略
D1:鲁迅故里→沈园→书圣故里  D2:柯岩风景区→仓桥直街  D3:东湖→兰亭→安昌古镇,1,1,游玩攻略
D1:新昌大佛寺→穿岩十九峰  D2:天姥山→嵊州崇仁古镇  D3:百丈飞瀑→越剧小镇,1,1,游玩攻略
,1,2,游玩攻略
,1,2,游玩攻略
,1,2,游玩攻略
,1,2,游玩攻略
,1,2,游玩攻略
,1,2,游玩攻略
,1,2,游玩攻略
,1,2,游玩攻略
,1,2,游玩攻略
,1,2,游玩攻略
,1,1,游玩攻略
,1,1,游玩攻略
,1,1,游玩攻略
,1,1,游玩攻略
,1,1,游玩攻略
,1,1,游玩攻略
,1,1,游玩攻略
,1,1,游玩攻略
,1,1,游玩攻略
,1,1,游玩攻略
,1,1,游玩攻略
,1,1,游玩攻略
,1,1,游玩攻略
,1,1,游玩攻略
,1,1,游玩攻略
,1,2,游玩攻略
,1,2,游玩攻略
,1,2,游玩攻略
,1,2,游玩攻略
,1,2,游玩攻略
,1,2,游玩攻略
,1,2,游玩攻略
,1,2,游玩攻略
,1,2,游玩攻略
,1,2,游玩攻略
,1,2,游玩攻略
,1,2,游玩攻略
,1,4,游玩攻略
,1,4,游玩攻略
,1,4,游玩攻略
